Headline,Description,Link
ఎఫ్‌పీఐ నిధులకు రెక్కలు,దేశీయ ఈక్విటీ మార్కెట్‌ నుంచి విదేశీ ఇన్వెస్టర్ల నిధుల ఉపసంహరణ యధేచ్ఛగా సాగుతోంది. ప్రపంచ స్థాయిలో వాణిజ్య ఉద్రిక్తతలు పెరిగిన నేపథ్యంలో మార్చి నెల తొలి 15 రోజుల...,https://www.andhrajyothy.com/2025/business/fpi-funds-gain-wings-1382148.html
హైదరాబాద్‌లో యాపిల్‌ ఎయిర్‌పాడ్స్‌ తయారీ,అమెరికా టెక్‌ దిగ్గజం యాపిల్‌ కంపెనీ ఉత్పత్తి మ్యాప్‌లో హైదరాబాద్‌ చేరబోతోంది. హైదరాబాద్‌లోని ఫాక్స్‌కాన్‌ యూనిట్‌లో...,https://www.andhrajyothy.com/2025/business/apple-airpods-manufacturing-in-hyderabad-1382145.html
ఇళ్ల ధరలు మరింత పెరుగుతాయ్‌...,"ఇటీవల బడ్జెట్లో ప్రకటించిన చర్యలతో పాటు, ఆర్‌బీఐ రెపో కోత ప్రభావంతో దేశంలో ఇళ్ల డిమాండు బలంగానే ఉంటుందని క్రెడాయ్‌ జాతీయ అధ్యక్షుడు బొమన్‌ ఇరానీ అన్నారు...",https://www.andhrajyothy.com/2025/business/house-prices-will-rise-further-1382143.html
Narayanamurthy on AI: భారత్‌లో ఏఐ హైప్‌పై ఇన్ఫోసిస్ నారాయణమూర్తి కీలక వ్యాఖ్యలు,భారత్‌లో ఏఐకి వస్తున్న ప్రచారంపై ఇన్ఫోసిస్ నారాయణమూర్తి తాజాగా స్పందించారు. సాధారణ ప్రోగ్రామ్స్‌కు ఏఐగా ప్రచారం చేసుకోవడం ఫ్యాషన్‌గా మారిపోయిందని అన్నారు.,https://www.andhrajyothy.com/2025/business/infosys-narayana-murthy-artificial-intelligence-hype-india-pcs-spl-1382014.html
Home Loan: హోం లోన్ తీసుకోవాలని భావిస్తున్నారా.. ఇలా చేస్తే రూ.లక్ష సేవ్ చేసుకోవచ్చు..,"Home Loan: ఇల్లు కట్టుకోవడం అనేది ప్రతి ఒక్కరి కల. చాలామంది జీవితంలో ఎక్కువ భాగం సొంత ఇంటిని నిర్మించుకునేందుకే కష్టపడతారు. పైసా పైసా కూడబెట్టి ప్లాన్ చేస్తారు. కానీ, లోన్ తీసుకోకుండా సొంతింటి కల నెరవేర్చుకోవడం అంత ఈజీ కాదు. ఈ పద్ధతిలో ప్రయత్నించి చూడండి. వడ్డీలు, ట్యాక్స్ భారం ఇలా ఎన్నో లాభాలు..",https://www.andhrajyothy.com/2025/business/maximize-tax-savings-with-joint-home-loans-benefits-and-eligibility-criteria-for-couples-mouni-1382009.html
Silver Prices: 2025లో బంగారం కంటే వెండి రేటు పెరిగే ఛాన్స్.. కారణమిదే..,మీరు ప్రస్తుతం బంగారంపై పెట్టుబడులు చేస్తున్నారా. అయితే ఓసారి ఈ వార్తను చదవండి. ఎందుకంటే భవిష్యత్తులో వెండి రేటు భారీగా పెరిగే అవకాశం ఉందని ఓ నివేదిక తెలిపింది. ఆ వివరాలేంటో ఇప్పుడు చూద్దాం.,https://www.andhrajyothy.com/2025/business/silver-prices-set-to-outshine-gold-in-2025-wisdomtree-insights-report-sri-1381976.html
Upcoming IPOs: వచ్చే వారం రానున్న ఐపీఓలు..ఈసారి ఎన్ని  ఉన్నాయంటే..,దేశీయ స్టాక్ మార్కెట్లో మళ్లీ ఐపీఓల వీక్ రానే వచ్చేసింది. ఈ క్రమంలో మార్చి 17 నుంచి మొదలు కానున్న వారంలో ఎన్ని ఐపీఓలు రాబోతున్నాయనే విషయాలను ఇక్కడ తెలుసుకుందాం.,https://www.andhrajyothy.com/2025/business/upcoming-ipos-from-march-17th-2025-list-of-companies-going-public-next-week-sri-1381944.html
"Gold Silver Rates Today: తగ్గిన గోల్డ్, భారీగా పెరిగిన వెండి.. ఎంతకు చేరుకున్నాయంటే..","దేశంలో దాదాపు 90 వేల స్థాయికి చేరుకున్న పసిడి ధరలకు కాస్తా ఉపశమనం లభించింది. ఈ క్రమంలో పసిడి ధర తగ్గిపోగా, వెండి రేటు మాత్రం ఏకంగా ఒక్కరోజులోనే రూ.8900 పెరిగింది. ఆ వివరాలేంటో ఇక్కడ చూద్దాం.",https://www.andhrajyothy.com/2025/business/gold-and-silver-rate-today-hyderabad-on-march-16th-2025-sri-1381930.html
పన్ను పోటు తగ్గించే ఫిక్స్‌డ్‌ డిపాజిట్లు,ప్రస్తుత ఆర్థిక సంవత్సరం (2024-25) ముగింపు దగ్గర పడుతోంది. దీంతో ట్యాక్స్‌ ప్లానింగ్‌ కూడా చివరి దశకు చేరిందని చెప్పాలి. పాత పన్ను చెల్లింపు విధానంలో ఉండి.. ఇంకా ఎవరైనా తమ ట్యాక్స్‌ ప్లానింగ్‌ పూర్తి చేయకపోతే...,https://www.andhrajyothy.com/2025/business/taxreducing-fixed-deposits-are-nearing-the-end-of-the-current-financial-year-202425-1381912.html
ఏప్రిల్‌ నుంచి కొత్త టీడీఎస్‌ నిబంధనలు,ఏప్రిల్‌ 1 నుంచి మూలంలో పన్ను కోత (టీడీఎ్‌స)కు సంబంధించి కొత్త నిబంధనలు అమల్లోకి వస్తున్నాయి. ఈ నిబంధనలు సీనియర్‌ సిటిజన్లతో పాటు సాధారణ పన్ను చెల్లింపుదారులకూ మేలు చేయనున్నాయి...,https://www.andhrajyothy.com/2025/business/new-tds-rules-from-april-provide-more-relief-to-senior-citizens-1381908.html
సన్‌రైజర్స్‌తో సీయూబీ జట్టు,ప్రైవేట్‌ రంగంలోని సిటీ యూనియన్‌ బ్యాంక్‌ (సీయూబీ).. సన్‌రైజర్స్‌ హైదరాబాద్‌ (ఎస్‌ఆర్‌హెచ్‌)కు ప్రత్యేక బ్యాంకింగ్‌ భాగస్వామిగా వ్యవహరించనుంది. ఈ మేరకు...,https://www.andhrajyothy.com/2025/business/sunrisers-hyderabad-team-have-announced-a-partnership-with-cub-with-special-offers-1381905.html
ఇండ్‌సఇండ్‌ ఖాతాదారులూ ఆందోళన వద్దు..,"హిందూజా గ్రూప్‌నకు చెందిన ఇండ్‌సఇండ్‌ బ్యాంక్‌ తగినంత మూలధన నిల్వలను కలిగి ఉందని, బ్యాంక్‌ ఆర్థిక పరిస్థితి స్థిరంగానే ఉందని ఆర్‌బీఐ శనివారం ప్రకటన జారీ చేసింది...",https://www.andhrajyothy.com/2025/business/indusind-customers-dont-need-to-worry-1381902.html
PM Surya Ghar Muft Bijli Yojana: రూ. 2 లక్షల వరకు పూచీకత్తు లేకుండా లోన్.. అందుకు ఏం చేయాలంటే..,కేంద్ర ప్రభుత్వం మధ్య తరగతి ప్రజలకు గుడ్ న్యూస్ తెలిపింది. ఓ స్కీం ద్వారా మీరు రూ. 2 లక్షల వరకు ఎలాంటి పూచీకత్తు లేకుండా రుణం తీసుకోవచ్చు. ఆ విశేషాలేంటో ఇక్కడ తెలుసుకుందాం.,https://www.andhrajyothy.com/2025/business/pm-surya-ghar-muft-bijli-yojana-get-a-loan-of-up-to-rs-2-lakh-without-collateral-sri-1381613.html
"Gold Silver Rates Today: భయపెడుతున్న బంగారం, వెండి ధరలు.. ఎంతకు చేరాయంటే..","దేశంలో పసిడి ప్రియులకు షాకుల మీద షాకులు వస్తున్నాయి. ఎందుకంటే వీటి ధరలు ఒక్కసారిగా పుంజుకుని, దాదాపు 90 వేల స్థాయికి చేరాయి. అయితే ఈరోజు బంగారం ధరలు ఎలా ఉన్నాయనే విషయాలను ఇప్పుడు తెలుసుకుందాం.",https://www.andhrajyothy.com/2025/business/gold-and-silver-rate-today-hyderabad-on-march-15th-2025-sri-1381599.html
Gold Prices : పసిడి రికార్డు పరుగు,"బంగారం ధరలు మళ్లీ కొండెక్కుతున్నాయి. అంతర్జాతీయ మార్కెట్లో ఔన్స్‌ (31.10 గ్రాములు) గోల్డ్‌ తొలిసారిగా 3,000 డాలర్ల మైలురాయిని దాటింది.",https://www.andhrajyothy.com/2025/business/gold-prices-soar-to-new-heights-hits-3000-per-ounce-amid-economic-uncertainty-1381522.html
Job Opportunities: వచ్చే ఆర్థిక సంవత్సరం ఐటీలో 1.5 లక్షల ఫ్రెషర్ల నియామకాలు!,"ఐటీ రంగంలో మళ్లీ ఉద్యోగావకాశాలు పెరగనున్నాయని, సాఫ్ట్‌వేర్‌ కంపెనీలు ప్రాంగణ నియామకాల జోరు పెంచే అవకాశాలు కన్పిస్తున్నాయని విశ్లేషకులు భావిస్తున్నారు.",https://www.andhrajyothy.com/2025/business/it-sector-to-see-surge-in-job-opportunities-freshers-hiring-to-double-in-202526-1381521.html
Repo Rate: రెపో  రేటు మరో 0.75 శాతం తగ్గింపు!,దేశంలో వడ్డీ రేట్లు మరింత తగ్గనున్నాయి. ప్రస్తుతం 6.25 శాతంగా ఉన్న రెపో రేటును.. ఈ ఏడాది అక్టోబరులోగా భారతీయ రిజర్వ్‌ బ్యాంక్‌ (ఆర్‌బీఐ).,https://www.andhrajyothy.com/2025/business/interest-rates-likely-to-drop-further-as-rbi-may-cut-repo-rate-by-07percentage-1381520.html
Employees Strike: 24-25 తేదీల్లో  బ్యాంకింగ్‌ ఉద్యోగుల సమ్మె,ప్రభుత్వ రంగ బ్యాంకుల (పీఎ్‌సబీ) ఉద్యోగులు మరోసారి సమ్మెకు సిద్ధమవుతున్నారు. తమ కీలక డిమాండ్ల సాధన కోసం ఇండియన్‌ బ్యాంక్స్‌ అసోసియేషన్‌..,https://www.andhrajyothy.com/2025/business/psu-bank-employees-to-strike-on-2425-march-over-unmet-demands-1381519.html
Stock Market: వారెన్‌ బఫెట్‌ ముందుచూపు,"స్టాక్‌ మార్కెట్‌ పెట్టుబడులతో రూ.లక్షల కోట్లు సంపాదించిన అమెరికా కుబేరుడు, ఇన్వెస్టర్‌ వారెన్‌ బఫెట్‌ ముందే జాగ్రత్త పడ్డారు.",https://www.andhrajyothy.com/2025/business/warren-buffett-prepares-for-market-drop-sells-shares-amid-trumps-potential-return-1381517.html
India Growth: డేటా సెంటర్ల జోరు,దేశంలో డేటా కేంద్రాల (డీసీ) సంఖ్య భారీగా పెరుగుతోంది. వచ్చే 7-10 సంవత్సరాల్లో ఈ కేంద్రాల నిర్మాణం కోసం కంపెనీలు రూ.2 లక్షల కోట్ల నుంచి రూ.2.3 లక్షల కోట్లు...,https://www.andhrajyothy.com/2025/business/data-centers-in-india-to-see-huge-growth-rs-223-lakh-crore-investment-expected-1381516.html
Gold Rates in India Today: రూ.90 వేలు మార్కు తాకిన పుత్తడి ధర.. రూ.లక్ష దాటిన వెండి,"అమెరికా అధ్యక్షుడు సుంకాల పెంపు,  వాణిజ్యు యుద్ధ భయాల నడుమ బంగారం ధరలకు ఒక్కసారిగా రెక్కలొచ్చాయి. వెండి ధర కూడా భారీగా పెరిగింది. నేటి రేట్లు ఎలా ఉన్నాయంటే..",https://www.andhrajyothy.com/2025/business/gold-rates-in-india-march-14-2025-pcs-spl-1381269.html
2028 నాటికి భారత్‌@:3,"భారత్‌ 2028 నాటికి ప్రపంచంలో మూడో అతిపెద్ద ఆర్థిక వ్యవస్థగా మారుతుందని, అప్పటికి భారత ఆర్థిక వ్యవస్థ పరిమాణం 5.7 లక్షల కోట్ల డాలర్ల (సుమారు రూ.495 లక్షల కోట్లు) చేరుతుందని అంతర్జాతీయ ఆర్థిక  సర్వీసుల సంస్థ మోర్గాన్‌....",https://www.andhrajyothy.com/2025/business/india-by-2028-3-position-1381223.html
హల్దిరామ్స్‌లో టెమాసెక్‌కు 10% వాటా,"దేశంలో అతిపెద్ద ప్యాక్డ్‌ స్నాక్‌ అండ్‌ స్వీట్స్‌ కంపెనీ, రెస్టారెంట్ల ఆపరేటర్‌ హల్దిరామ్‌ స్నాక్స్‌ ఫుడ్‌లో 10 శాతం వాటాను సింగపూర్‌ ప్రభుత్వ పెట్టుబడి సంస్థ టెమాసెక్‌ కొనుగోలు చేసినట్లు ఇండస్ట్రీ వర్గాలు తెలిపాయి....",https://www.andhrajyothy.com/2025/business/temasek-to-acquire-10-stake-in-haldirams-1381221.html
సెన్సెక్స్‌ ఐదో రోజూ డౌన్‌,"స్టాక్‌ మార్కెట్లో నష్టాలు కొనసాగాయి. రియల్టీ, ఐటీ, ఆటో రంగ షేర్లలో అమ్మకాలు ఇందుకు కారణమయ్యాయి. గురువారం ట్రేడింగ్‌ ముగిసేసరికి, సెన్సెక్స్‌ మరో 200.85 పాయింట్లు కోల్పోయి...",https://www.andhrajyothy.com/2025/business/sensex-down-for-fifth-day-1381219.html
ట్రంప్‌ సుంకాలతో ఫార్మాలో అనిశ్చితి,అమెరికా అధ్యక్షుడు డొనాల్డ్‌ ట్రంప్‌ సుంకాల హెచ్చరికలతో భారత ఫార్మా కంపెనీలూ బెదిరిపోతున్నాయి. ఈ హెచ్చరికలతో ఫార్మా రంగంలో ప్రస్తుతం ఔనన్నా కాదన్నా అనిశ్చితి...,https://www.andhrajyothy.com/2025/business/uncertainty-in-pharma-due-to-trump-tariffs-1381215.html
జెనరేటివ్‌ ఏఐతో బ్యాంకింగ్‌కు మేలే,"జెనరేటివ్‌ ఏఐ (జెన్‌ ఏఐ) భారత బ్యాంకింగ్‌, ఫైనాన్షియల్‌ రంగాలను కూడా షేక్‌ చేస్తోంది. దీని వినియోగంతో 2030 నాటికి ఫైనాన్షియల్‌ రంగం ఉత్పాదకత...",https://www.andhrajyothy.com/2025/business/banking-is-better-with-generative-ai-1381214.html
జానకి పులపర్తికి ఫోర్బ్స్‌ అండర్‌ 40 లీడర్స్‌ పురస్కారం,"ఏఐ ఆధారిత డ్రోన్‌ ఇన్నోవేషన్‌లో అగ్రగామిగా ఉన్న అకిన్‌ అనలిటిక్స్‌ వ్యవస్థాపకురాలు, సీఈఓ జానకి పులపర్తి 2025 సంవత్సరానికి...",https://www.andhrajyothy.com/2025/business/janaki-pulaparthi-wins-forbes-under-40-leaders-award-1381212.html
"రికార్డు గరిష్ఠానికి బంగారం రూ.89,450కి పెరిగిన 10 గ్రాముల ధర",దేశీయంగా పసిడి ధర గత రికార్డు గరిష్ఠ స్థాయికి ఎగబాకాయి. ఢిల్లీ మార్కెట్లో 99.9 శాతం స్వచ్ఛత గల 10 గ్రాముల బంగారం ధర రూ.600 పెరుగుదలతో...,https://www.andhrajyothy.com/2025/business/gold-price-hits-record-high-of-rs-89450-per-10-grams-1381211.html
"Currency Notes Sanjay Malhotra Signature: రూ.100, రూ.200 నోట్లపై సంతకంలో మార్పు.. ఆర్‌బీఐ కీలక ప్రకటన","ఆర్‌బీఐ గవర్నర్ సంజయ్ మల్హోత్రా సంతకం ఉన్న కొత్త రూ.100, రూ.200 కరెన్సీ నోట్లను త్వరలో విడుదల చేస్తామని భారతీయ రిజర్వ్ బ్యాంకు తాజాగా పేర్కొంది.",https://www.andhrajyothy.com/2025/business/rbi-rs-100-and-rs-200-banknotes-with-new-governors-signature-pcs-spl-1381026.html
Inflation: మీ వద్ద కోటి ఉందని సంతోషంగా ఉన్నారా? రాబోయే ఈ ముప్పు గురించి తెలుసా?,నానాటికీ పెరిగే ద్రవ్యోల్బణం కారణంగా సంపద విలువ తగ్గిపోతుంది. అది ఎలాగో ఏ జాగ్రత్తలు తీసుకోవాలో ఈ కథనంలో తెలుసుకుందాం.,https://www.andhrajyothy.com/2025/business/impact-of-inflation-on-savings-and-investments-pcs-spl-1381012.html
"Retirement Plan: ఒకేసారి పెట్టుబడి..30 ఏళ్లపాటు నెలకు రూ.87 వేల ఆదాయం, ఎలాగంటే..",ఉద్యోగుల రిటైర్మెంట్ అనంతరం ఆర్థిక భద్రత చాలా ముఖ్యం. అందుకోసం ఇప్పటి నుంచే ప్లాన్ చేస్తే ఇబ్బంది లేకుండా ఉంటారు. అందుకోసం ఎలాంటి ప్లాన్ చేయాలనే విషయాలను ఇక్కడ చూద్దాం.,https://www.andhrajyothy.com/2025/business/swp-investment-yields-monthly-income-of-rs-87000-for-30-years-sri-1380996.html
Bank Holidays: హోలీ రోజు బ్యాంకులకు సెలవు ఉందా.. ఈ వారం 4 రోజులు బ్యాంకులు బంద్..,"హోలీ పండుగ కారణంగా ఈ వారంలో నాలుగు రోజులు బ్యాంకులు బంద్ కానున్నాయి. అవును మీరు చదివింది నిజమే. దీంతో మార్చి 13, 14, 15, 16 తేదీలలో వివిధ ప్రాంతాలలో బ్యాంకులకు హాలిడే.",https://www.andhrajyothy.com/2025/business/holi-holidays-banks-closed-on-march-13-14-15-and-16-india-sri-1380961.html
"Gold Silver Rates Today: హోలీకి ముందే షాక్.. భారీగా పెరిగిన బంగారం, వెండి ధరలు","దేశంలో హోలీ పండుగకు ముందే పసిడి ప్రియులకు షాకింగ్ న్యూస్ వచ్చేసింది. నిన్నటితో పోల్చితే ఈరోజు బంగారం, వెండి ధరలు భారీగా  పెరిగాయి. అయితే ఏ మేరకు పెరిగాయనే విషయాలను ఇక్కడ తెలుసుకుందాం.",https://www.andhrajyothy.com/2025/business/gold-silver-rate-today-hyderabad-and-vijayawada-march-13th-2025-sri-1380957.html
అన్నీ మంచి శకునములే..!,దేశంలో ధరల మంట తగ్గుముఖం పట్టగా.. పారిశ్రామిక వృద్ధి  పుంజుకుంది. కేంద్ర ప్రభుత్వం బుధవారం విడుదల చేసిన గణాంకాల  ప్రకారం.. గత నెలలో వినియోగదారుల ధరల సూచీ (సీపీఐ) ఆధారిత రిటైల్‌ ద్రవ్యోల్బణం...,https://www.andhrajyothy.com/2025/business/price-inflation-in-the-country-is-decreasing-industrial-growth-is-picking-up-1380931.html
స్టార్‌లింక్‌తో జియో జట్టు,భారత్‌లో స్టార్‌లింక్‌ ‘శాటిలైట్‌ ఆధారిత హైస్పీడ్‌ ఇంటర్నెట్‌’ సేవలందించేందుకు ప్రపంచ కుబేరుడు ఎలాన్‌ మస్క్‌కు చెందిన స్పేస్‌ఎక్స్‌తో భారత నం.1 ధనవంతుడు ముకేశ్‌ అంబానీకి చెందిన టెలికాం సంస్థ...,https://www.andhrajyothy.com/2025/business/jio-teams-up-with-starlink-1380929.html
కోరమాండల్‌ చేతికి నాగార్జున అగ్రికెమ్‌,హైదరాబాద్‌ కేంద్రంగా పనిచేసే ఎన్‌ఏసీఎల్‌ ఇండస్ట్రీస్‌ లిమిటెడ్‌ (గతంలో  నాగార్జున అగ్రికెమ్‌) యాజమాన్యం  చేతులు మారింది.  మురుగప్ప గ్రూప్‌నకు చెందిన...,https://www.andhrajyothy.com/2025/business/nagarjuna-agrichem-in-the-hands-of-coromandel-1380927.html
నాలుగో రోజూ నష్టపోయిన సెన్సెక్స్‌,"దేశీయ స్టాక్‌ మార్కెట్‌ వరుసగా నాలుగో రోజు కూడా నష్టాల్లోనే ముగిసింది. నిస్తేజంగా సాగిన ట్రేడింగ్‌లో సెన్సెక్స్‌ 72.56 పాయింట్ల నష్టంతో 74,029.76 వద్ద ముగియగా నిఫ్టీ 27.40 పాయింట్ల నష్టంతో..",https://www.andhrajyothy.com/2025/business/sensex-loses-for-fourth-day-1380925.html
మిత్సుబిషి కోసం అజాద్‌ ఇంజనీరింగ్‌ తయారీ కేంద్రం,ప్రెసిషన్‌ ఇంజినీరింగ్‌లో సుప్రసిద్ధమైన అజా ద్‌ ఇంజనీరింగ్‌ కంపెనీ హైదరాబాద్‌లోని తునికిబొల్లారం లో మిత్సుబిషి హెవీ ఇండస్ర్టీస్‌ (ఎంహెచ్‌ఐ) కోసం లీన్‌ మాన్యుఫాక్చరింగ్‌...,https://www.andhrajyothy.com/2025/business/azad-engineering-manufacturing-center-for-mitsubishi-1380923.html
హైదరాబాద్‌లో టెన్త్‌పిన్‌,లైఫ్‌సైన్స్‌ కంపెనీలకు టెక్నాలజీ అడ్వైజరీ సేవలందించే స్విట్జర్లాండ్‌కు చెందిన టెన్త్‌పిన్‌ మేనేజ్‌మెంట్‌ కన్సల్టెంట్స్‌ కంపెనీ నగరంలో...,https://www.andhrajyothy.com/2025/business/tenthpin-ai-labs-tail-launches-global-center-of-excellence-in-hyderabad-1380922.html
గ్లెన్‌మార్క్‌  నుంచి కొత్త మధుమేహ ఔషధం,"మధుమేహ రోగుల్లో గ్లైసెమిక్‌ కంట్రోల్‌కు, బరువు తగ్గడానికి ఎంపాగ్లిఫ్లోజిన్‌ టాబ్లెట్లను మార్కెట్లో విడుదల చేసినట్టు గ్లెన్‌మార్క్‌ ఫార్మా ప్రకటించింది..",https://www.andhrajyothy.com/2025/business/new-diabetes-drug-from-glenmark-1380920.html
కాగ్నిజెంట్‌ ఉద్యోగులకు బోనస్‌,"ఐటీ కంపెనీ కాగ్నిజెంట్‌ తన ఉద్యోగులకు బోనస్‌ ప్రకటించింది. అర్హులైన ఉద్యోగులకు 85 నుంచి 115 శాతం బోనస్‌,,,",https://www.andhrajyothy.com/2025/business/bonus-for-cognizant-employees-1380919.html
Satellite Internet : శాటిలైట్ ఇంటర్నెట్ అంటే ఏమిటి.. ఇదెలా పనిచేస్తుంది.. డేటా స్పీడ్ ఎంత..,"Starlink Satellite Internet : భారతదేశంలోని అతిపెద్ద టెలికాం సంస్థలు ఎయిర్‌టెల్, జియోలు ఒకదాని తర్వాత మరొకటి శాటిలైట్ ఇంటర్నెట్ కోసం ఎలాన్ మస్క్ స్పేస్ ఎక్స్‌తో డీల్ కుదుర్చుకున్నాయి. దీంతో ఇప్పుడీ అంశం దేశమంతటా హాట్ టాపిక్‌గా మారింది. అసలీ శాటిలైట్ ఇంటర్నెట్ సర్వీసెస్ అంటే ఏమిటి.. స్టార్ లింక్ నేరుగా ఇంటర్నెట్‌ను మన ఇళ్లకు ఎలా తీసుకువస్తుంది..",https://www.andhrajyothy.com/2025/business/how-starlink-satellite-internet-works-and-what-plans-and-speeds-to-expect-in-india-mouni-1380673.html
యూజర్లకు యాపిల్ హెచ్చరిక!,ఫోన్ల యందు యాపిల్ ఫోన్లు వేరయా.. అనటంలో ఎలాంటి అతిశయోక్తి లేదు. ఎందుకంటే వాటికున్న క్రేజ్ అలాంటిది. ఐఫోన్లకు అంత క్రేజ్ రావడానికి చాలా కారణాలు ఉన్నాయి. వాటిలో సెక్యూరిటీ మొదటి స్థానంలో ఉంటుంది. యాపిల్ వస్తువులు వాడే వారి డేటాకు ఎలాంటి భయం లేదని కంపెనీ తెగ ప్రచారం చేస్తూ ఉంటుంది.,https://www.andhrajyothy.com/2025/business/apple-company-issues-urgent-security-warning-for-iphone-bvr-1380670.html
Business Ideas For Women: ఈ మెషిన్ ఒక్కటి కొంటే.. ఇంట్లోనే రోజూ రూ.5000 సంపాదన.. చాలామందికి తెలియని టాప్ బిజినెస్ ఐడియా..,"Small Business Ideas For Women: ఇంటి నుంచే వ్యాపారం చేయాలనే ఆశయం మీకుందా.. ఈ ఒక్క మెషీన్ కొనుక్కుంటే చాలు. తర్వాత పైసా పెట్టుబడి పెట్టాల్సిన పనిలేదు. కేవలం ఈ మెషీన్ సాయంతోనే రోజుకు రూ.5000 వేలు అంటే నెలకు లక్షన్నర పైనే సంపాదించవచ్చు. మరి, ఆ బిజినెస్ ప్లాన్ ఏంటో ఇప్పుడు తెలుసుకుందాం..",https://www.andhrajyothy.com/2025/business/earn-a-good-income-with-embroidery-a-profitable-business-idea-for-women-mouni-1380647.html
"Jio partners: నిన్న ఎయిర్ టెల్, ఈరోజు జియో..స్పేస్‌ఎక్స్‌తో ఒప్పందం",ఇంటర్నెట్ సేవల విషయంలో దేశంలో వినియోగదారులు మరింత మెరుగైన సేవలను పొందనున్నారు. ఎందుకంటే తాజాగా జియో కూడా ఎలాన్ మస్క్‌కు చెందిన స్పేస్‌ఎక్స్‌తో ఒప్పందం కుదుర్చుకుంది.,https://www.andhrajyothy.com/2025/business/spacex-starlink-partner-with-jio-platforms-limited-sri-1380622.html
"Gold Silver Rates Today: తగ్గిన ధరలకు బ్రేక్.. మళ్లీ పెరిగిన బంగారం, వెండి","దేశంలో నిన్న స్వల్పంగా తగ్గిన బంగారం ధరలు ఇప్పుడు మళ్లీ పెరిగాయి. అయితే ఏ మేరకు పెరిగాయి, ఏ నగరాల్లో ఎంత రేట్లు ఉన్నాయనే విషయాలను ఇక్కడ తెలుసుకుందాం.",https://www.andhrajyothy.com/2025/business/gold-and-silver-rates-today-march-12th-2025-hyderabad-and-delhi-1380594.html
భారత్‌లో స్టార్‌లింక్‌ సేవలు..,భారత్‌లోని తన కస్టమర్లకు స్టార్‌లింక్‌ హైస్పీడ్‌ ఇంటర్నెట్‌ సేవలను అందించేందుకు ప్రపంచ కుబేరుడు ఎలాన్‌ మస్క్‌కు చెందిన స్పేస్‌ఎక్స్‌తో భాగస్వామ్యం కుదుర్చుకున్నట్లు దేశీయ ప్రైవేట్‌ టెలికాం కంపెనీ...,https://www.andhrajyothy.com/2025/business/starlink-services-in-india-1380503.html
"యూపీఐ, రూపే కార్డు లావాదేవీలు ప్రియమవుతాయా?","యూనిఫైడ్‌ పేమెంట్‌ ఇంటర్‌ఫే్‌స (యూపీఐ), రూపే డెబిట్‌ కార్డు ద్వారా జరిపే లావాదేవీలపై మర్చంట్‌ చార్జీల (మర్చంట్‌ డిస్కౌంట్‌ రేట్‌-ఎండీఆర్‌) ను పునఃప్రవేశపెట్టాలని కేంద్ర ప్రభుత్వం ఆలోచిస్తోందని...",https://www.andhrajyothy.com/2025/business/will-upi-and-rupay-card-transactions-become-popular-1380502.html
ఇండ్‌సఇండ్‌ బ్యాంక్‌ అకౌంటింగ్‌లో తేడాలు,డెరివేటివ్స్‌ పోర్టుఫోలియో ఆస్తుల లెక్కింపులో తేడాలు ప్రైవేట్‌ రంగంలోని ఇండ్‌సఇండ్‌ బ్యాంక్‌ను కుదిపేస్తున్నాయి. ఈ తేడాతో 2024 డిసెంబరు నాటికి బ్యాంకు నికర ఆస్తుల విలువ 2.35 శాతం...,https://www.andhrajyothy.com/2025/business/differences-in-indusind-bank-accounting-1380501.html
"ఆర్‌బీఐ గవర్నర్‌ మల్హోత్రా సంతకంతో కొత్త రూ.100, 200 నోట్ల జారీ","ఆర్‌బీఐ కొత్త గవర్నర్‌ సంజయ్‌ మల్హోత్రా సంతకంతో కూడిన రూ.100, 200 కరెన్సీ నోట్లు త్వరలో మార్కెట్లోకి విడుదల కానున్నాయి....",https://www.andhrajyothy.com/2025/business/new-rs-100-and-200-notes-issued-with-rbi-governor-malhotras-signature-1380500.html
క్రీమ్‌లైన్‌ డెయిరీలో పూర్తి వాటా,గోద్రెజ్‌ ఆగ్రోవెట్‌ డెయిరీ రంగంలో పట్టు పెంచుకుంటోంది. ఇందులో భాగంగా హైదరాబాద్‌ కేంద్రంగా పనిచేసే క్రీమ్‌లైన్‌ డెయిరీ...,https://www.andhrajyothy.com/2025/business/full-stake-in-creamline-dairy-1380499.html
‘టెంప్లెట్‌ మోడల్‌’లో కొత్త విమానాశ్రయాలు,దేశంలో నానాటికీ పెరిగిపోతున్న విమాన ప్రయాణికుల రద్దీని తట్టుకునేందుకు మరిన్ని విమానాశ్రయాలు అందుబాటులోకి తేవాలని ప్రభుత్వం ప్రయత్నిస్తోంది. ఆ ప్రయత్నంలో భాగంగా....,https://www.andhrajyothy.com/2025/business/new-airports-in-the-template-model-1380498.html
ఆరంభ నష్టాల నుంచి రికవరీ,"భారత స్టాక్‌ మార్కెట్‌ ప్రామాణిక సూచీలు మంగళవారం ట్రేడింగ్‌లో ఆరంభ నష్టాల నుంచి తేరుకున్నప్పటికీ, మిశ్రమంగా ముగిశాయి....",https://www.andhrajyothy.com/2025/business/recovery-from-initial-losses-1380497.html
23 రోజుల్లోనే రైట్స్‌ ఇష్యూలు పూర్తికావాలి : సెబీ,కంపెనీల రైట్స్‌ ఇష్యూలను సెబీ బాగా కుదించింది. ప్రస్తుతం కంపెనీలు తమ డైరెక్టర్ల బోర్డు ఆమోదం పొందినప్పటి నుంచి 317 రోజుల్లో రైట్స్‌ ఇష్యూలు పూర్తి చేయాలి...,https://www.andhrajyothy.com/2025/business/rights-issues-should-be-completed-within-23-days-sebi-1380496.html
"UPI, RuPay Transactions: యూపీఐ, రూపే యూజర్లకు బిగ్‌ షాక్‌.. ఇక జేబుకు చిల్లు పడినట్టే.. కొత్త రూల్స్‌ ఇవే..","UPI, RuPay Transactions: యూపీఐ,రూపే ఆధారంగా చెల్లింపులు చేసే వినియోగదారులకు కేంద్రం భారీ షాక్ ఇవ్వబోతోంది. చిన్న మొత్తాలకూ ఎడాపెడా ప్రతి చోటా లావాదేవీలు చేసే వారికి కొత్త రూల్స్ ప్రకారం పేమెంట్ చేసినప్పుడ అదనపు ఛార్జీల బాదుడు ఇలా ఉంటుందని..",https://www.andhrajyothy.com/2025/business/upi-rupay-transactions-may-attract-merchant-fees-again-as-govt-mulls-reintroduction-mouni-1380280.html
Airtel - Space X Deal: ఎయిర్ టెల్ సాయంతో స్టార్‌లింక్ భారత్‌లోకి ఎంట్రీ.. స్పేస్ ఎక్స్‌‌ కీలక డీల్‌,"భారత్‌ మార్కెట్‌లో ప్రవేశించేందుకు ప్రయత్నిస్తున్న శాటిలైట్ ఇంటర్నెట్ సేవల సంస్థ స్టార్‌లింక్ ఈ దిశగా కీలక ముందడుగు వేసింది. ఎయిర్‌టెల్‌, స్టార్‌లింక్‌ల మధ్య కీలక ఒప్పందం కుదిరింది.",https://www.andhrajyothy.com/2025/business/airtel-partners-with-spacex-to-bring-starlink-internet-to-india-pcs-spl-1380272.html
"7th Pay Commission: ప్రభుత్వ ఉద్యోగులు, పెన్షనర్లకు శుభవార్త.. డీఏ పెంపుపై ప్రభుత్వం కీలక ప్రకటన..","7th Pay Commission: ఈ సంవత్సరం కేంద్ర ప్రభుత్వ ఉద్యోగులు, పెన్షనర్లకు పెద్ద హోలీకి ముందే కానుక లభించే అవకాశం ఉంది. మార్చి 14న జరిగే పండుగకు ముందే కేంద్ర ప్రభుత్వం డియర్‌నెస్ అలవెన్స్‌పై కీలక ప్రకటన..",https://www.andhrajyothy.com/2025/business/7th-pay-commission-latest-update-2-da-hike-likely-to-be-announced-tomorrow-check-details-mouni-1380260.html
Business Ideas: మీ దగ్గర రూ.1000 లు ఉంటే చాలు.. ఈ వ్యాపారంలో నెలకు మినిమం రూ.30 వేల ప్రాఫిట్..,Business Ideas: ఒకరికింద పనిచేయడం కంటే సొంతంగా వ్యాపారం చేసి డబ్బు సంపాదించాలని కోరుకుంటున్నారు నేటితరం. ఉద్యోగం ద్వారా కంటే బిజినెస్ వల్లే త్వరగా సంపాదించగలిగే సౌలభ్యం ఉండటమూ మరో కారణం. తక్కువ మొత్తంలో ఇన్వెస్ట్ చేసి ఎక్కువ ప్రాఫిట్ వచ్చే మార్గం కోసం మీరు వెతుకుతుంటే ఈ బిజినెస్ ఐడియా మీకోసమే..,https://www.andhrajyothy.com/2025/business/top-business-idea-with-low-investment-from-home-mouni-1380245.html
Stock Market: స్టాక్ మార్కెట్లో బిగ్ లాస్.. గంటల్లోనే రూ. 349 లక్షల కోట్లు ఖతం..,"ఇటీవల గత కొన్ని రోజులుగా భారత స్టాక్ మార్కెట్లలో భారీ నష్టాలు సంభవించగా, ఇప్పుడు అమెరికా స్టాక్ మార్కెట్లో కూడా బిగ్ లాస్ వెలుగులోకి వచ్చింది. రాత్రికి రాత్రే కొన్ని గంటల వ్యవధిలోనే రూ. 349 లక్షల కోట్ల సంపద తగ్గిపోయింది.",https://www.andhrajyothy.com/2025/business/massive-loss-in-us-stock-market-rs349-trillion-loss-on-march-10th-2025-1380226.html
Stock Market: నష్టాలతో మొదలైన మార్కెట్లు.. ఈ రోజు టాప్ ఫైవ్ స్టాక్స్ ఇవే..,వరుస లాభాలతో దూసుకుపోతున్న దేశీయ సూచీలు మళ్లీ నష్టాల బాట పట్టాయి. గరిష్టాల వద్ద మదుపర్లు లాభాల స్వీకరణకు దిగడంతో సోమవారం మార్కెట్లు నష్టపోయాయి. మంగళవారం ఉదయం కూడా మార్కెట్లు అదే ధోరణితో ప్రారంభమయ్యాయి.,https://www.andhrajyothy.com/2025/business/stock-market-news-sensex-nifty-starts-with-losses-here-are-the-todays-top-five-stocks-sgr-spl-1380216.html
"Gold and Silver Rates Today: స్వల్పంగా పెరిగిన బంగారం ధరలు.. ఈరోజు బంగారం, వెండి ధరలు ఎలా ఉన్నాయంటే..","బంగారం (gold), వెండి (silver) కొనుగోలు చేయాలనుకుంటున్నారా? మన దేశంలో  కొన్ని రోజులుగా బంగారం రేట్లలో హెచ్చు తగ్గులు కనిపిస్తున్నాయి. ముఖ్యంగా అమెరికా డాలర్ విలువ పెరగడం, వడ్డీ రేట్ల మార్పు వంటి అంశాల ఆధారంగా బంగారం రేట్లు మారుతూ ఉంటాయి.",https://www.andhrajyothy.com/2025/business/gold-and-silver-rates-today-march-11th-2025-hyderabad-and-delhi-sgr-spl-1380184.html
ఎస్‌ఎంఈ ఐపీఓ నిబంధనలు కఠినతరం,"చిన్న, మధ్య తరహా సంస్థ (ఎ్‌సఎంఈ)ల పబ్లిక్‌ ఆఫరింగ్‌ (ఐపీఓ) నిబంధనలను మరింత కఠినతరం చేస్తూ మార్కెట్‌ నియంత్రణాధికార సంస్థ సెబీ సోమవారం నోటిఫికేషన్‌ విడుదల...",https://www.andhrajyothy.com/2025/business/sme-ipo-norms-tightened-1380118.html
భారత్‌లో ఏఐ నిపుణులకు భారీ కొరత,"ప్రపంచ కృత్రిమ మేధ (ఏఐ) నిపుణుల హబ్‌గా ఎదిగేందుకు భారత్‌ సిద్ధంగా ఉందని బెయిన్‌ అండ్‌ కంపెనీ తాజా నివేదిక పేర్కొంది. కానీ, దేశంలో ఏఐ నిపుణుల కొరత...",https://www.andhrajyothy.com/2025/business/there-is-a-huge-shortage-of-ai-experts-in-india-1380117.html
రియల్‌ మనీ గేమింగ్‌ కంపెనీలకు ప్రవర్తనా నియమావళి,రియల్‌ మనీ గేమింగ్‌ (ఆర్‌ఎంజీ) కంపెనీలకు ప్రవర్తనా నియమావళిని నిర్దేశించేందుకు దోహదపడే ఒప్పందంపై ఆ కంపెనీలకు ప్రాతినిథ్యం వహించే...,https://www.andhrajyothy.com/2025/business/code-of-conduct-for-real-money-gaming-companies-1380116.html
"హైదరాబాద్‌, చెన్నైల్లో రెండు కొత్త ప్లాంట్లు",ఆశీర్వాద్‌ పైప్స్‌లో వంద శాతం వాటా కలిగిన బెల్జియంకు చెందిన ఫ్లూయిడ్‌ మేనేజ్‌మెంట్‌ సంస్థ అలియాక్సిస్‌ వచ్చే రెండేళ్లలో భారత్‌లో కార్యకలాపాలను విస్తరించనున్నట్లు...,https://www.andhrajyothy.com/2025/business/aashirvad-pipes-opens-two-new-plants-in-hyderabad-and-chennai-1380115.html
ఆఖరి గంటలో అమ్మకాలు,"భారత స్టాక్‌  మార్కెట్‌ ప్రామాణిక సూచీలు సోమవారం నష్టాల్లో ముగిశాయి. సెన్సెక్స్‌ 217.41 పాయింట్లు కోల్పో యి 74,115.17 వద్దకు జారుకుంది...",https://www.andhrajyothy.com/2025/business/lastminute-sales-in-share-market-1380114.html
హైదరాబాద్‌లో ఎఫ్‌టీజీ ఏరోస్పేస్‌ యూనిట్‌,హైదరాబాద్‌లో మరో అంతర్జాతీయ సంస్థ కొలువు తీరుతోంది. కెనడా కేంద్రంగా పనిచేసే ప్రముఖ ఏరోస్పేస్‌ కంపెనీ ఫిరన్‌ టెక్నాలజీ గ్రూప్‌ (ఎఫ్‌టీజీ)...,https://www.andhrajyothy.com/2025/business/ftg-aerospace-unit-in-hyderabad-1380113.html
సన్‌ ఫార్మా చేతికి చెక్‌పాయింట్‌ ..,"క్యాన్సర్‌ చికిత్స, ఇమ్యునోథెరపీ ఔషధాల తయారీలో ప్రసిద్ధ కంపెనీగా పేరెన్నిక గన్న చెక్‌పాయింట్‌ థెరప్యూటిక్స్‌ను సన్‌ ఫార్మా కొనుగోలు చేస్తోంది..",https://www.andhrajyothy.com/2025/business/checkpoint-in-the-hands-of-sun-pharma-1380112.html
జీఎంఆర్‌ హైదరాబాద్‌ విమానాశ్రయానికి అవార్డు,జీఎంఆర్‌ హైదరాబాద్‌ ఇంటర్నేషనల్‌ ఎయిర్‌పోర్ట్‌ (జీహెచ్‌ఐఏఎల్‌)కు మరో ప్రతిష్ఠాత్మక అవార్డు లభించింది...,https://www.andhrajyothy.com/2025/business/gmr-hyderabad-airport-wins-award-1380111.html
Stock Market: రోజంతా లాభాలు.. చివర్లో నష్టాలు.. 200 పాయింట్లకు పైగా కోల్పోయిన సెన్సెక్స్..,దేశీయ సూచీలు నష్టాల బాట పట్టాయి. సెన్సెక్స్ ఇంట్రాడే గరిష్టం నుంచి ఏకంగా 700 పాయింట్లకు పైగా పడిపోయింది. నిఫ్టీ కూడా అదే బాటలో కొనసాగింది. మరోవైపు అంతర్జాతీయంగా ఉన్న ప్రతికూల సెంటిమెంట్ కూడా ఈ నష్టాలకు కారణంగా నిలుస్తోంది.,https://www.andhrajyothy.com/2025/business/stock-market-news-sensex-and-nifty-losses-opening-gains-todays-top-stocks-sgr-spl-1379898.html
Gold Price Dubai Vs India: భారత్‌తో పోలిస్తే దుబాయ్‌ బంగారం ధర ఎందుకు తక్కువంటే..,భారత్‌ కంటే దుబాయ్‌లో బంగారం ధరలు తక్కువగా ఉంటాయి. ఇలా ఎందుకో ఈ కథనంలో తెలుసుకుందాం,https://www.andhrajyothy.com/2025/business/gold-price-comparison-dubai-and-india-import-rules-pcs-spl-1379877.html
Indian Railways Discount: రైలు రిజర్వేషన్ టికెట్‌పై 10 శాతం డిస్కౌంట్.. బెర్త్ కన్ఫర్మ్ ఎలాగో తెలుసా,భారతీయ రైల్వే రిజర్వేషన్లపై పది శాతం రాయితీ ఇస్తోంది. ఏ టికెట్లపై డిస్కౌంట్ అందిస్తోంది. ఈ రాయితీ ఏ సమయాల్లో వర్తిస్తుందనే వివరాలు ఈ స్టోరీలో తెలుసుకుందాం,https://www.andhrajyothy.com/2025/business/10-percent-discount-on-current-reservation-tickets-full-details-here-amar-1379846.html
"Gold and Silver Rates Today: నేటి బంగారం, వెండి ధరలు ఎలా ఉన్నాయంటే..","దేశంలో బంగారం ధరలు గత కొన్ని రోజులుగా ఒత్తిడికి లోనవుతున్నాయి. అంతర్జాతీయ మార్కెట్ నిర్ణయాలు సహా పలు అంశాల నేపథ్యంలో పసిడి రేట్లలో మార్పు వస్తుంది. ఈ నేపథ్యంలో నేటి బంగారం, వెండి ధరలు ఎలా ఉన్నాయనే విషయాలను ఇక్కడ తెలుసుకుందాం.",https://www.andhrajyothy.com/2025/business/gold-and-silver-rates-today-march-10th-2025-hyderabad-and-delhi-sri-1379832.html
చతికిల పడిన ఐపీఓ మార్కెట్‌,న్యూఢిల్లీ: సెకండరీ మార్కెట్లో కనిపిస్తున్న దిద్దుబాటు (కరెక్షన్‌) ప్రభావం ప్రైమరీ మార్కెట్‌పైనా కనిపిస్తోంది. గత మూడు వారాలుగా ఒక్క ప్రధాన కంపెనీ షేరు కూడా స్టాక్‌ ఎక్స్ఛేంజీల్లో లిస్టింగ్‌ కాలేదు....,https://www.andhrajyothy.com/2025/business/ipo-market-in-turmoil-1379780.html
స్టార్ట్‌ప్సలో వేగుచుక్క ‘స్విగ్గీ’,"ఆలోచనను వ్యాపారంగా మార్చిన శ్రీహర్ష మాజేటి.. రూ.1,400 కోట్ల ఆస్తులు ఒక ఆలోచన జీవితాలనే మార్చివేస్తుంది. ఇంకా ఎందరికో దిక్సూచిలా పని చేస్తుంది. ఫుడ్‌ డెలివరీ యాప్‌ ‘స్విగ్గీ’ సహ వ్యవస్థాపకుడు, సీఈఓ మాజేటి శ్రీహర్ష ప్రయాణమే...",https://www.andhrajyothy.com/2025/business/swiggy-the-fastest-growing-startup-1379773.html
"మెటల్స్‌, కమోడిటీస్‌ షేర్లపై కన్నేయండి!","దేశీయ స్టాక్‌ మార్కెట్లు ఈ వారం మిశ్రమంగా కదలాడొచ్చు. అంతర్జాతీయ పరిణామాలతో పాటు దేశీయంగా ద్రవ్యోల్బణ, పారిశ్రామికోత్పత్తి గణాంకాలు సూచీలను నడిపించే వీలుంది. సూచీలు ప్రస్తుతం అక్యుములేషన్‌ జోన్లో ఉన్నాయి...",https://www.andhrajyothy.com/2025/business/keep-an-eye-on-metals-and-commodities-shares-1379769.html
"టెక్‌ వ్యూ : నిరోధం 22,700","నిఫ్టీ గత వారం మైనర్‌ రికవరీ సాధించి 425 పాయింట్ల లాభంతో వారం గరిష్ఠ స్థాయి 22,550 వద్ద నిలకడగా క్లోజయింది. అయితే ప్రధాన ట్రెండ్‌ ఇప్పటికీ బలహీనంగానే ఉంది. సుదీర్ఘ బేరిష్‌ ధోరణి అనంతరం ఏర్పడిన రిలీఫ్‌ ర్యాలీగానే...",https://www.andhrajyothy.com/2025/business/tech-view-resistance-22700-1379767.html
"ఆస్ర్టో గైడ్‌ : 22,850 పైన బుల్లిష్‌","నిఫ్టీ గత వారం 22,633-21,965 పాయింట్ల మధ్యన కదలాడి 428 పాయింట్ల లాభంతో 22,553 వద్ద ముగిసింది. ఈ వారాంతంలో 22,850 కన్నా పైన ముగిస్తే స్వల్పకాలానికి బుల్లిష్‌ అవుతుంది...",https://www.andhrajyothy.com/2025/business/astro-guide-bullish-above-22850-1379763.html
Business Idea : పెట్టుబడి పదివేలు.. రాబడి రూ.50వేలు.. మహిళలు ఇంటి చేయగలిగే బెస్ట్ బిజినెస్ ఐడియా..,Business Ideas For Women : అడుగు బయటపెట్టకుండా ఇంటి నుంచే డబ్బు సంపాదించే అవకాశం కోసం వెతుకుతున్నారా. ఇలా ఆలోచించే మహిళల కోసమే ఈ చక్కటి బిజినెస్ ఐడియాస్. కేవలం మీరు రూ.10వేల పెట్టుబడితో నాలుగింతల లాభం పొందగలిగే వ్యాపార ఆలోచనలు మీకోసం..,https://www.andhrajyothy.com/2025/business/small-investment-business-idea-for-women-from-home-mouni-1379496.html
Gold Rates Today: బంగారం కొనాలా.. నేటి ధరలు ఎలా ఉన్నాయంటే..,నేటి బంగారం ధరలు స్వల్పంగా తగ్గాయి. వచ్చే వారం కూడా ధరల్లో స్వల్ప మార్పులే ఉండొచ్చని నిపుణులు చెబుతున్నారు.,https://www.andhrajyothy.com/2025/business/gold-rates-in-india-on-march-9-2025-pcs-spl-1379477.html
అప్పు చేయకపోయినా క్రెడిట్‌ స్కోర్‌ తక్కువగా ఉందా?,"అప్పు చేసి తిరిగి చెల్లించకపోతే క్రెడిట్‌ స్కోర్‌ దెబ్బతింటుందన్న విషయం తెలిసిందే. కానీ, ఇంతవరకు రుణం తీసుకోకపోయినా మీ క్రెడిట్‌ స్కోర్‌...",https://www.andhrajyothy.com/2025/business/do-you-have-a-low-credit-score-even-though-you-dont-have-any-debt-1379439.html
‘బీమా’పై జర జాగ్రత్త పొరపాట్లు చేస్తే తిప్పలే,"ప్రతి వ్యక్తి ఆర్థిక ప్రణాళికలో బీమా ఒక భాగం. అనుకోని సంఘటనలు ఏమైనా జరిగితే, పాలసీకి అనుగుణంగా ఆ ఖర్చులను బీమా కంపెనీ చెల్లిస్తుంది. దీనివల్ల మన పొదుపు మొత్తాల...",https://www.andhrajyothy.com/2025/business/be-careful-with-insurance-if-you-make-a-mistake-you-cant-undo-it-1379436.html
సామ్కో లార్జ్‌ క్యాప్‌ ఫండ్‌,సామ్కో అసెట్‌ మేనేజ్‌మెంట్‌.. లార్జ్‌ క్యాప్‌ ఫండ్‌ను ప్రారంభించింది. ఇది లార్జ్‌ క్యాప్‌ స్టాక్స్‌ల్లో పెట్టుబడులు పెట్టే...,https://www.andhrajyothy.com/2025/business/samco-large-cap-fund-1379432.html
బంధన్‌ డెట్‌ ఇండెక్స్‌ ఫండ్‌,బంధన్‌ మ్యూచువల్‌ ఫండ్‌.. క్రిసిల్‌-ఐబీఎక్స్‌ ఫైనాన్షియల్‌ సర్వీసెస్‌ 3-6 నెలల డెట్‌ ఇండెక్స్‌ ఫండ్‌ను...,https://www.andhrajyothy.com/2025/business/bandhan-debt-index-fund-1379430.html
డెడ్‌లైన్స్‌ దగ్గర పడుతున్నాయ్‌..,"EPF UAN: ఈఎల్‌ఐ పథకం కోసం ఈపీఎఫ్‌ యూఏఎన్‌, బ్యాంకు ఖాతాలతో ఆధార్‌ సీడింగ్‌ యాక్టివేషన్‌ గడువును ఈపీఎఫ్‌ ఈ నెల 15 వరకు పొడిగించింది. ఈ అప్‌డేషన్‌ పూర్తయితే తప్ప ఈపీఎఫ్‌ఓ అందించే ఈఎల్‌ఐ పథకం ప్రయోజనాలను ఈపీఎఫ్‌ చందాదారులు అందుకోలేరు.",https://www.andhrajyothy.com/2025/business/deadlines-are-approaching-for-universal-account-number-uan-activation-for-epf-1379428.html
Vikram Misri: ట్రంప్ భారత్ సుంకాల వ్యాఖ్యలపై విదేశాంగ కార్యదర్శి రియాక్షన్,భారతదేశం సుంకాలను తగ్గించడానికి అంగీకరించిందని  ట్రంప్ ప్రకటించిన వ్యాఖ్యలపై తాజాగా భారత విదేశాంగ కార్యదర్శి విక్రమ్ మిస్రీ స్పందించారు. కానీ అమెరికా అధ్యక్షుడి వ్యాఖ్యలపై మాట్లాడేందుకు నిరాకరించారు. ఇంకా ఏం చెప్పారనే విషయాలను ఇక్కడ చూద్దాం.,https://www.andhrajyothy.com/2025/business/indias-foreign-secretary-vikram-misri-responds-to-trumps-comments-india-accept-tariff-reduction-1379244.html
EPFO: కొత్త అప్‎డేట్ .. ​EDLI స్కీం ద్వారా మరిన్ని ప్రయోజనాలు,"ఉద్యోగుల ప్రావిడెంట్ ఫండ్ ఆర్గనైజేషన్ (EPFO) అదిరిపోయే అనౌన్స్ చేసింది. ఉద్యోగుల ప్రావిడెంట్ ఫండ్ (EPF)కి, ఉద్యోగి డిపాజిట్ లింక్డ్ ఇన్సూరెన్స్ (EDLI) స్కీం అమలు చేయనున్నట్లు ప్రకటించింది. దీని ద్వారా ఈపీఎఫ్ సభ్యులకు అనేక ప్రయోజనాలు లభిస్తాయని తెలిపింది.",https://www.andhrajyothy.com/2025/business/edli-scheme-provides-death-benefits-to-epfo-members-families-1379233.html
HCL: హెచ్‎సీఎల్ ఫౌండర్ కీలక ప్రకటన.. కుమార్తెకు భారీ గిఫ్ట్,HCL ఫౌండర్ శివ్ నాడార్ అంతర్జాతీయ మహిళా దినోత్సవం సందర్భంగా కీలక నిర్ణయం తీసుకున్నారు. ఈ క్రమంలో తన కుమార్తెకు భారీ గిఫ్ట్ అందిస్తున్నట్లు ప్రకటించారు. ఆ వివరాలేంటో ఇక్కడ తెలుసుకుందాం.,https://www.andhrajyothy.com/2025/business/hcl-founder-shiv-nadars-daughter-acquires-47-stake-in-delhi-based-company-1379225.html
Indian Railways: రైల్వే స్టేషన్‌లో మీరు ఏమి కొన్నా బిల్లు తీసుకోవాలని తెలుసా.. లేకపోతే ఏమవుతుంది,రైల్వే స్టేషన్‌లోని దుకాణాల్లో ఏ వస్తువు కొనుగోలు చేసినా బిల్లు తీసుకోవాలని తెలుసా. ఎవరైనా దుకాణదారుడు బిల్లు ఇవ్వకపోతే వస్తువు పూర్తి ఉచితమని మీకు తెలుసా. బిల్లు ఎందుకు తీసుకోవాలి. రైల్వే స్టేషన్‌లోని ఎలాంటి వస్తువులకు బిల్లు ఇస్తారు.,https://www.andhrajyothy.com/2025/business/no-bill-no-payment-policy-protects-for-railway-passengers-amar-1379217.html
Jio Offers: ఉమెన్స్‌డే బంపర్ ఆఫర్.. అదిరిపోయే ప్లాన్స్ మీకోసం..,ప్రపంచ మహిళా దినోత్సవం సందర్భంగా జియో బంపరాఫర్ ప్రకటించింది. 84 రోజుల వ్యాలిడిటీతో  ఒక ప్లాన్.. 72 రోజుల వ్యాలిడిటీతో మరో ప్లాన్ ప్రకటించింది. ఈ ప్లాన్స్‌లో మరిన్ని సదుపాయాలు కూడా ఉన్నాయి. ఆ వివరాలు ఇప్పుడు తెలుసుకుందాం..,https://www.andhrajyothy.com/2025/business/womens-day-gift-to-jio-user-now-best-offers-here-siva-1379215.html
ITR Deadline: ఐటీఆర్ డెడ్ లైన్.. రిటర్న్‌ల దాఖలుకు ఇంకా కొన్ని రోజులే గడువు..,"పన్ను చెల్లింపు దారులకు కీలక అలర్ట్ వచ్చేసింది. ఈ క్రమంలో మార్చి 31, 2025లోపు అప్‌డేట్ చేసిన రిటర్న్‌లను దాఖలు చేయాలని అధికారులు మరోసారి సూచించారు. ఆ వివరాలేంటో ఇక్కడ చూద్దాం.",https://www.andhrajyothy.com/2025/business/itr-deadline-for-fy-202425-only-few-days-left-to-file-returns-by-march-31st-2025-1379214.html
Business Ideas: రోజులో రెండు గంటలు ఈ పనిచేస్తే చాలు.. మహిళలకు ఇంటి నుంచే రూ.20 వేల ఆదాయం..,"Business Idea For Women:తాము ఏదొక పని చేసి కుటుంబ అవసరాలకు సరిపడా సంపాదించాలనే కోరిక దాదాపు అందరు మహిళలకీ ఉంటుంది. మీకు అలాంటి ఆలోచనే ఉందా..ఇంటి దగ్గరే ఉండి తీరిక సమయంలో మంచి ఆదాయం వచ్చే అవకాశం కోసం వెతుకుంటే.. ఇది మీకోసమే. ఈ వ్యాపారానికి పెట్టుబడి.. పని రెండూ తక్కువే. కానీ, ఆదాయం మాత్రం ఘనంగా వస్తుంది. అదేంటో చూద్దాం..",https://www.andhrajyothy.com/2025/business/perfect-business-idea-for-women-who-want-to-balance-work-and-family-responsibilities-mouni-1379213.html
Nita Ambani: 60 ఏళ్లలో తన ఫిట్‌నెస్ రహస్యాలను తెలిపిన నీతా అంబానీ..,నేడు (మార్చి 8న) అంతర్జాతీయ మహిళా దినోత్సవం సందర్భంగా రిలయన్స్ ఫౌండేషన్ ఛైర్‌పర్సన్ నీతా అంబానీ (60) మహిళలకు కీలక సూచనలు చేశారు. దీంతోపాటు 60 ఏళ్ల వయస్సులో తన ఫిట్‌నెస్ రహస్యం సిక్రెట్స్ పంచుకున్నారు.,https://www.andhrajyothy.com/2025/business/nita-ambani-shares-her-fitness-secrets-at-60-sri-1379197.html
Crypto Market: క్రిప్టో మార్కెట్‌పై భారత మహిళల ఆసక్తి.. ఏడాదిలో 20 శాతం పెరిగిన మహిళా ఇన్వెస్టర్లు..,క్రిప్టో మార్కెట్‌లోకి ప్రవేశిస్తున్న భారతీయ మహిళల సంఖ్య క్రమంగా పెరుగుతోంది. జనవరి-2024 నుంచి జనవరి- 2025 మధ్య అంటే ఏడాది కాలంలో మధ్య క్రిప్టో పెట్టుబడులలో వారి భాగస్వామ్యం ఏకంగా 20 శాతం పెరిగింది. క్రిప్టో ఎక్స్ఛేంజ్ జియోటస్ నిర్వహించిన సర్వేలో ఈ విషయం వెల్లడైంది.,https://www.andhrajyothy.com/2025/business/crypto-market-women-investors-surge-20-year-on-year-in-india-sgr-spl-1379196.html
BSNL New Offers: BSNL  హోలీ గిఫ్ట్.. 365 రోజుల ఫ్రీ కాల్స్.. ఫ్రీ డేటా కూడా.. ధర ఎంతంటే?,"BSNL Incredible Offer: BSNL వినియోగదారులకు గుడ్ న్యూస్. హోలీ సందర్భంగా BSNL తమ కస్టమర్ల కోసం స్పెషల్ రీఛార్జ్ ప్లాన్ తీసుకొచ్చింది.  ఈ బంపర్ ఆఫర్‌ సద్వినియోగం చేసకున్న యూజర్లకు 365 రోజుల పాటు హై స్పీడ్‌తో ఫ్రీ డేటా, ఫ్రీ కాల్స్ దక్కుతాయి. ఆ ప్లాన్ ఏదంటే..",https://www.andhrajyothy.com/2025/business/bsnl-launches-unbeatable-holi-offer-365-days-of-free-calls-and-data-for-under-rs-1500-mouni-1379164.html
Gold rates today: నేడు బంగారం ధరలు ఎలా ఉన్నాయంటే..,"నిన్నటితో పోలిస్తే నేడు బంగారం ధరలు స్వల్పంగా తగ్గాయి. అయితే, ట్రంప్ సుంకాల నుంచి స్వల్ప ఊరట లభించిన నేపథ్యంలో వచ్చే వారమంతా బంగారం ధరలో స్వల్ప హెచ్చుతగ్గులు మాత్రమే ఉండొచ్చని మార్కెట్ వర్గాలు అంచనా వేస్తున్నాయి.",https://www.andhrajyothy.com/2025/business/gold-rates-today-in-india-pcs-spl-1379146.html
Marketing Job:పేరుకే మహిళా ఉపాధి,బ్లూకాలర్‌ ఉద్యోగాల్లో (శారీరక శ్రమ అవసరమయ్యే ఉద్యోగాలు)నూ మహిళల పట్ల వివక్ష కొనసాగుతోంది.,https://www.andhrajyothy.com/2025/business/workindia-report-highlights-gender-discrimination-in-bluecollar-jobs-decline-in-womens-employment-opportunities-1379052.html
LIC : ప్రపంచంలోని బలమైన బీమా బ్రాండ్లలో ఎల్‌ఐసీకి మూడో స్థానం,ప్రభుత్వ రంగ బీమా దిగ్గజం లైఫ్‌ ఇన్సూరెన్స్‌ కార్పొరేషన్‌ ఆఫ్‌ ఇండియా (ఎల్‌ఐసీ)కు మరో ఘనత దక్కింది.,https://www.andhrajyothy.com/2025/business/lic-ranks-3rd-among-worlds-strongest-insurance-brands-achieves-notable-milestone-1379051.html
Chiranjeev Saluja : ఏపీలో ప్రీమియర్‌ ఎనర్జీస్‌ ప్లాంట్‌,"కార్యకలాపాల విస్తరణలో భాగంగా గత ఏడాది తెలంగాణలోని రంగారెడ్డి జిల్లా సీతారాంపూర్‌ వద్ద 75 ఎకరాల విస్తీర్ణంలో రూ.3,000 కోట్ల పెట్టుబడితో",https://www.andhrajyothy.com/2025/business/chiranjeev-saluja-announces-3000-crore-investment-for-solar-plants-in-telangana-and-ap-1379050.html
HPCL Chairmanఫ హెచ్‌పీసీఎల్‌ సారథిగా వికాస్‌ కౌశల్‌,"హిందుస్థాన్‌ పెట్రోలియం కార్పొరేషన్‌ లిమిటెడ్‌ (హెచ్‌పీసీఎల్‌) చైర్మన్‌, మేనేజింగ్‌ డైరెక్టర్‌గా వికాస్‌ కౌశల్‌ నియమితులయ్యారు.",https://www.andhrajyothy.com/2025/business/vikas-kaushal-appointed-as-hpcl-chairman-and-managing-director-1379049.html
Oaktree Capital: హైదరాబాద్‌లో ఓక్‌ట్రీ కార్యాలయం,ప్రైవేట్‌ క్రెడిట్‌ రంగంలోని ఓక్‌ట్రీ క్యాపిటల్‌ మేనేజ్‌మెంట్‌ కంపెనీ  హైదరాబాద్‌లో తమ కార్యాలయం ప్రారంభించింది.,https://www.andhrajyothy.com/2025/business/oaktree-capital-opens-second-office-in-hyderabad-appoints-ajay-maddali-as-hr-director-1379047.html
Interest Rate: హెచ్‌డీఎఫ్‌సీ బ్యాంక్‌ ఎంసీఎల్‌ఆర్‌ తగ్గింపు,ప్రైవేట్‌ బ్యాంకింగ్‌ దిగ్గజం హెచ్‌డీఎ్‌ఫసీ బ్యాంక్‌ ఎంసీఎల్‌ఆర్‌ను 0.05 శాతం మేరకు తగ్గించింది.,https://www.andhrajyothy.com/2025/business/hdfc-bank-reduces-mclr-by-005-new-rates-effective-immediately-1379045.html
SBI : మహిళా ఆంత్రప్రెన్యూర్ల కోసం ఎస్‌బీఐ అస్మిత,అంతర్జాతీయ మహిళా దినోత్సవం సందర్భంగా ప్రభుత్వ రంగ బ్యాంకింగ్‌ దిగ్గజం ఎస్‌బీఐ మహిళా ఔత్సాహిక పారిశ్రామికవేత్తల..,https://www.andhrajyothy.com/2025/business/sbi-launches-lowinterest-loan-scheme-asmitha-for-women-entrepreneurs-on-international-womens-day-1379044.html
Stock Market:  లాభనష్టాల మధ్య ఊగిసలాట,స్టాక్‌ మార్కెట్లో రెండు రోజుల ర్యాలీకి తెరపడింది. వారాంతం ట్రేడింగ్‌లో ఆద్యంతం లాభనష్టాల మధ్య ఊగిసలాడిన ప్రామాణిక సూచీలు,https://www.andhrajyothy.com/2025/business/stock-market-rally-ends-after-two-days-benchmark-indices-close-flat-1379043.html
Tech Startup: లోకా లోక రూ.110 కోట్ల సమీకరణ,సింగపూర్‌లోని కుటుంబ కార్యాలయానికి చెందిన ఇన్వెస్టర్ల నుంచి 1.25 కోట్ల డాలర్లు (సుమారు రూ.110 కోట్లు) సమీకరించినట్లు ఆల్కహాల్‌ బెవరేజెస్‌ కంపెనీ,https://www.andhrajyothy.com/2025/business/loca-loka-raises-125-million-from-singaporebased-family-office-investors-1379042.html
Insurance: దేశంలో ఎంత మంది మహిళలకు ఇన్సూరెన్స్ ఉందో తెలుసా..,దేశంలో మహిళలు బీమా రంగంలో మరింత చురుకుగా పాల్గొంటున్నట్లుగా ఓ నివేదిక గణాంకాలు చెబుతున్నాయి. ఈ క్రమంలో బీమా పథకాల ద్వారా వారు తమ భవిష్యత్తుకు ఆర్థిక భద్రతను పెంచుకుంటున్నారని అంటున్నారు. ఆ విశేషాలేంటో ఇక్కడ చూద్దాం.,https://www.andhrajyothy.com/2025/business/do-you-know-how-many-women-india-have-insurance-2025-policy-bazaar-report-sri-1378872.html
BSNL Offers: రూ. 200 బడ్జెట్‌లోపు బెస్ట్ రీఛార్జ్ పాన్లు.. ఎలాంటి సౌకర్యాలు ఉన్నాయంటే..,టెలికాం మార్కెట్లో క్రమంగా పోటీ పెరిగింది. దీంతో యూజర్లను ఆకట్టుకునేందుకు అనేక కంపెనీలు పోటాపోటీగా రీఛార్జ్ ఆఫర్లను ప్రకటిస్తున్నాయి. ఇదే సమయంలో ఇటివల రూ. 200 బడ్జెట్‌లోపు ప్రకటించిన ప్లాన్స్ గురించి ఇక్కడ తెలుసుకుందాం.,https://www.andhrajyothy.com/2025/business/two-bsnl-recharge-plans-within-rs-200-budget-what-features-are-sri-1378852.html
Swiggy: ఈ రైల్వే స్టేషన్లలో కూడా స్విగ్గీ ఫుడ్ డెలివరీ సేవలు..,ఫుడ్ ప్రియులు ఎక్కడ ఉన్నా కూడా ఆహారాన్ని ఆర్డర్ చేసుకుని మరి లాగించేస్తారు. ఈ క్రమంలోనే రైళ్లలో ప్రయాణించే సమయంలో కూడా అనేక మంది స్విగ్గీ ఆర్డర్లు చేశారని సంస్థ తెలిపింది. ఈ క్రమంలో స్విగ్గీ IRCTCతో కీలక ఒప్పందాన్ని కుదుర్చుకుంది.,https://www.andhrajyothy.com/2025/business/swiggy-food-delivery-services-to-launch-100-railway-stations-across-india-1378842.html
Stock Market: ఫ్లాట్‌గా ముగిసిన దేశీయ సూచీలు.. ఈ రోజు టాప్ ఫైవ్ స్టాక్స్ ఇవే..,"అంతర్జాతీయ మార్కెట్లలో ప్రతికూలత కారణంగా ఆసియా మార్కెట్లు నేడు ఫ్లాట్‌గా ముగిశాయి. దీంతో సెన్సెక్స్, నిఫ్టీ కూడా అదే బాటలో కదలాడాయి. విదేశీ సంస్థాగత మదుపర్లు గురువారం ఏకంగా రూ. 2,377 కోట్లు విలువైన షేర్లను అమ్మేశారు. దేశీయ సంస్థాగత మదుపర్లు రూ.1,618 కోట్ల విలువైన షేర్లను కొనుగోలు చేశారు.",https://www.andhrajyothy.com/2025/business/stock-market-news-sensex-and-nifty-ends-day-on-flatter-note-sgr-spl-1378826.html
"Toyota: టయోటా నుంచి మార్కెట్లోకి కొత్త ఎడిషన్.. ధర, ఫీచర్లు ఎలా ఉన్నాయంటే..",ప్రముఖ వాహన సంస్థ టయోటా నుంచి హిలక్స్ బ్లాక్ ఎడిషన్‌ మోడల్ వాహనం మార్కెట్లోకి వచ్చేసింది. 7 ఎయిర్‌బ్యాగ్‌లతో సహా దీనిలో అనేక ప్రత్యేక లక్షణాలు ఉన్నాయి. ఆ వివరాలేంటో ఇక్కడ చూద్దాం.,https://www.andhrajyothy.com/2025/business/what-the-pricing-and-features-of-hilux-black-edition-from-toyota-sri-1378823.html
Oaktree: హైదరాబాద్‌లో ఆఫీస్‌ ఓపెన్ చేసిన ఓక్‌ట్రీ..,ప్రపంచ పెట్టుబడి నిర్వాహక సంస్థలలో అగ్రగామి అయిన ఓక్‌ట్రీ క్యాపిటల్ మేనేజ్‌మెంట్ హైదరాబాద్‌లో తన నూతన కార్యాలయాన్ని ప్రారంభించింది. భారత్‌లో తమ కార్యకలాపాలను విస్తరించాలని నిర్ణయించిన ఓక్‌ట్రీ..,https://www.andhrajyothy.com/2025/business/oaktree-opens-news-office-in-hyderabad-1378819.html
మళ్లీ పెరిగిన పసిడి ధరలు.. వినియోగదారులకు షాక్,పసిడి ధరలకు మళ్లీ రెక్కలొచ్చాయి. నేడు మరోసారి బంగారం ధరలు పెరిగాయి. మరి వివిధ నగరాల్లో ప్రస్తుత రేట్లు ఎలా ఉన్నాయ ఈ కథనంలో తెలుసుకుందాం.,https://www.andhrajyothy.com/2025/business/gold-rates-today-in-india-pcs-spl-1378751.html
Gold Loan: గోల్డ్‌ లోన్‌.. ఇక ఈజీ కాదు..,Gold Loan: బంగారం తాకట్టు పెట్టి రుణం పొందడం ఇకపై అంత సులభం కాకపోవచ్చు. ఎందుకంటారా.. గోల్డ్‌ లోన్‌ నిబంధనలను భారతీయ రిజర్వ్‌ బ్యాంక్‌ మరింత...,https://www.andhrajyothy.com/2025/business/gold-loan-not-easy-anymore-1378734.html
కృత్రిమ మేధ ఆవిష్కరణలకు మరింత ప్రోత్సాహం,"ఇండియాఏఐ మిషన్‌ తొలి వార్షికోత్సవం సందర్భంగా కేంద్ర ఐటీ, ఎలకా్ట్రనిక్స్‌ శాఖ మంత్రి అశ్వినీ వైష్ణవ్‌ గురువారం ఇండియాఏఐ కంప్యూట్‌ పోర్టల్‌...",https://www.andhrajyothy.com/2025/business/more-encouragement-for-artificial-intelligence-innovations-1378733.html
"74,000 పైకి సెన్సెక్స్‌","భారత స్టాక్‌ మార్కెట్‌ ప్రామాణిక సూచీలు వరుసగా రెండో రోజూ లాభపడ్డాయి. గురువారం ట్రేడింగ్‌లో సెన్సెక్స్‌ 609.86 పాయింట్లు బలపడి 74,340.09 వద్దకు చేరుకుంది....",https://www.andhrajyothy.com/2025/business/sensex-above-74000-1378731.html
దారికొస్తున్న పన్ను చెల్లింపుదారులు,భారతీయుల విదేశీ ఆస్తులు లేదా విదేశీ ఆదాయ వివరాలు కక్కించేందుకు ఆదాయ పన్ను (ఐటీ) శాఖ చేస్తున్న ప్రయత్నాలు ఫలిస్తున్నాయి. గత ఏడాది ...,https://www.andhrajyothy.com/2025/business/taxpayers-on-the-way-1378730.html
అమితవ ముఖర్జీ చేతికే ఎన్‌ఎండీసీ పగ్గాలు,"ప్రభుత్వ రంగంలోని ఎన్‌ఎండీసీ కొత్త చైర్మన్‌, మేనేజింగ్‌ డైరెక్టర్‌ (సీఎండీ)గా అమితవ ముఖర్జీ నియమితులయ్యా రు. ప్రస్తుతం...",https://www.andhrajyothy.com/2025/business/amitava-mukherjee-takes-over-the-reins-of-nmdc-1378729.html
సమ్మిళిత ఆర్థిక వృద్ధిలో మహిళలది కీలక పాత్ర,సమ్మిళిత ఆర్థిక వృద్ధిలో మహిళా వ్యాపార కరస్పాండెంట్ల (బీసీ)ది కీలక పాత్ర అని ఎయిర్‌టెల్‌ పేమెంట్స్‌ బ్యాంక్‌ చీఫ్‌ ఇన్ఫర్మేషన్‌ ఆఫీసర్‌...,https://www.andhrajyothy.com/2025/business/women-play-a-key-role-in-inclusive-economic-growth-1378728.html
విశాఖలో రెండో ప్లాంట్‌ షురూ,మురుగప్పా గ్రూప్‌నకు చెందిన కోరమాండల్‌ ఇంటర్నేషనల్‌ లిమిటెడ్‌ సల్ఫర్‌ తయారీ సామర్థ్యాలు రెట్టింపు చేయాలని లక్ష్యంగా...,https://www.andhrajyothy.com/2025/business/second-plant-to-be-launched-in-visakhapatnam-1378727.html
DA Increase: హోలీకి ముందే ఉద్యోగుల డీఏ పెంపు.. ఎంత పెరగనుందంటే..,హోలీ పండుగకు ముందే ఉద్యోగులకు గుడ్ న్యూస్ రాబోతుంది. ఎందుకంటే ప్రభుత్వం రెండు శాతం డీఏను పెంచనున్నట్లు తెలిసింది. ఆ వివరాలేంటో ఇక్కడ చూద్దాం.,https://www.andhrajyothy.com/2025/business/central-government-to-increase-da-by-2-for-employees-ahead-of-holi-1378470.html
Business Plan : డబ్బుకు డబ్బు.. ఇంట్లోనే పని.. మహిళల కోసం బెస్ట్ బిజినెస్ ఐడియా..,"Business Idea With Low Investment : ప్రత్యక శిక్షణ, పెట్టుబడి కోసం పెద్దగా ఖర్చు చేయకుండానే మహిళలు ఇంటి నుంచే ఈ బిజినెస్ చేసుకోవచ్చు. దేశంలో ఏ ప్రాంతం వారైనా ఇంటి నుంచే ఈ వ్యాపారం నిర్వహించుకోవచ్చు. నష్టపోతామనే భయమే లేదు. ప్రస్తుతం ట్రెండింగ్‌లో ఉన్న ఈ వ్యాపారం డిమాండ్ ఎలా ఉందంటే..",https://www.andhrajyothy.com/2025/business/trending-business-idea-from-home-for-women-earn-lakhs-per-month-mouni-1378467.html
Spam Calls: స్పామ్ కాల్స్ కట్టడి కోసం కీలక చర్యలు.. రోజుకు 13 మిలియన్ల కాల్స్ బ్లాక్,వినియోగదారులకు వచ్చే స్పామ్ కాల్స్ కట్టడి చేసేందుకు కేంద్రం మరిన్ని కీలక నిర్ణయాలు తీసుకుంటున్నట్లు కేంద్ర మంత్రి జ్యోతిరాదిత్య సింధియా తెలిపారు. ఈ క్రమంలో ప్రతిరోజు 13 మిలియన్ల స్పామ్ కాల్స్ బ్లాక్ చేసేందుకు సిద్ధమైనట్లు వెల్లడించారు.,https://www.andhrajyothy.com/2025/business/key-measures-to-spam-calls-13-million-calls-blocked-per-day-jyotiraditya-scindia-1378463.html
Lay offs: ఉద్యోగులకు షాకిచ్చిన జియోస్టార్.. ఇక్కడ కూడా లే ఆఫ్స్..,అనేక సంస్థలు ఇప్పటికీ ఇంకా లే ఆఫ్స్ ప్రకటిస్తూనే ఉన్నాయి. ఈ క్రమంలోనే తాజాగా మరో అగ్ర సంస్థ దాదాపు వెయ్యి మందికిపైగా ఉద్యోగులను తొలగించనున్నట్లు తెలిసింది. ఆ విశేషాలేంటో ఇక్కడ చూద్దాం.,https://www.andhrajyothy.com/2025/business/jio-lays-off-1100-employees-after-viacom-18-walt-disney-merger-sri-1378452.html
"Alert: ఏప్రిల్ 1 నుంచి టీడీఎస్, టీసీఎస్ నియమాల్లో కీలక మార్పులు..","పన్ను చెల్లింపుదారులకు గుడ్ న్యూస్ వచ్చేసింది. ఈ క్రమంలో వచ్చే ఏప్రిల్ 1 నుంచి టీడీఎస్, టీసీఎస్ పన్ను చెల్లింపుల విషయంలో కీలక మార్పులను కేంద్రం ప్రకటించింది. ఆ వివరాలేంటో ఇక్కడ చూద్దాం.",https://www.andhrajyothy.com/2025/business/key-changes-in-tds-and-tcs-rules-from-april-1st-2025-sri-1378444.html
"LIC Scheme : టెన్త్ చదివితే చాలు.. మహిళలకు ఈ పథకం కింద 3 ఏళ్లలో రూ. 2,16,000..","LIC Scheme : ప్రధానమంత్రి మోదీ ఇటీవల ప్రారంభించిన ఈ పథకం కింద మహిళలకు ప్రతి నెలా స్టైఫండ్ లభిస్తుంది. మొత్తంగా చూసుకుంటే మూడేళ్ల కాలంలో రూ. 2,16,000 మహిళల ఖాతాలో పడుతుంది. దేశంలో పదో తరగతి పూర్తి చేసిన ఏ మహిళ అయినా ఈ పథకానికి అర్హులే.. మరిన్ని వివరాల కోసం..",https://www.andhrajyothy.com/2025/business/lic-bima-sakhi-yojana-know-benefits-eligibility-and-application-process-mouni-1378443.html
Andy Jassy: బాంబు పేల్చిన అమెజాన్ సీఈవో.. వాళ్ల ఉద్యోగాలు ఊస్ట్,Amazon: ప్రముఖ ఈ-కామర్స్ దిగ్గజం అమెజాన్ సంస్థ సంచలన నిర్ణయం తీసుకుంది. కంపెనీలో పలు రకాల ఉద్యోగాలకు కత్తెర వేయాలని సీఈవో ఆండీ జస్సీ డిసైడ్ అయ్యారు. వాళ్ల ఉద్యోగాలు ఇక ఊస్టేనని క్లారిటీ ఇచ్చారు.,https://www.andhrajyothy.com/2025/business/amazon-ceo-andy-jassy-says-middle-managers-fingerprinting-ndn-1378418.html
Today Gold Rate:  ఈరోజు బంగారం ధరలు ఎలా ఉన్నాయంటే..,"ఇంట్లో ఏ శుభకార్యం జరిగినా తెలుగు రాష్ట్రాల్లోని మహిళలు బంగారానికి అధిక ప్రాధాన్యత ఇస్తారు. ప్రస్తుతం బులియన్ మార్కెట్‌లో గోల్డ్, వెండి ధరలు పరుగులు పెడుతున్నాయి. గత కొన్ని రోజులుగా రికార్డు స్థాయిలో పెరుగుతుండటంతో వినియోగదారులు ఆందోళన చెందుతున్నారు.",https://www.andhrajyothy.com/2025/business/gold-prices-rise-marriage-season-international-trends-anr-1378399.html
సిరిమంతుల భారతం!,"With a growth of 6 percent, there are 85,698 super rich people in the country",https://www.andhrajyothy.com/2025/business/rich-india-with-a-growth-of-6-percent-there-are-85698-super-rich-people-in-the-country-1378312.html
ఎట్టకేలకు నష్టాలకు తెర,"రిలీఫ్‌ ర్యాలీతో బుధవారం దేశీయ స్టాక్‌ మార్కెట్‌ మంచి లాభాలతో ముగిసింది. సెన్సెక్స్‌ 740.30 పాయింట్ల లాభంతో 73,730.23 వద్ద, నిఫ్టీ 254.65 పాయింట్ల లాభంతో...",https://www.andhrajyothy.com/2025/business/domestic-stock-market-sees-relief-rally-on-wednesday-1378311.html
హైదరాబాద్‌లో మరో నాలుగు ప్రాజెక్టులు,చెన్నై కేంద్రంగా పనిచేసే ప్రముఖ రియల్‌ ఎస్టేట్‌ కంపెనీ ‘కాసాగ్రాండ్‌’ హైదరాబాద్‌లో తన కార్యకలాపాలను మరింత విస్తరిస్తోంది....,https://www.andhrajyothy.com/2025/business/casagrand-expands-its-operations-in-hyderabad-1378308.html
‘డిస్‌ప్లే చిప్‌’ల తయారీలోకి టాటా,"టాటా గ్రూప్‌నకు చెందిన టాటా ఎలకా్ట్రనిక్స్‌ డిస్‌ప్లే చిప్‌ల తయారీలోకి ప్రవేశిస్తోంది. ఇందుకోసం తైవాన్‌కు చెందిన పీఎ్‌సఎంసీ, హైమాక్స్‌ టెక్నాలజీ్‌సతో కలిసి...",https://www.andhrajyothy.com/2025/business/tata-enters-the-manufacturing-of-display-chips-1378307.html
సింగపూర్‌ కంపెనీతో అరబిందో కటీఫ్‌,"పెంటావలెంట్‌ వ్యాక్సిన్ల అభివృద్ధి, ఉత్పత్తి కోసం సింగపూర్‌ కంపెనీ హిల్లేమాన్‌ ల్యాబ్స్‌తో  కుదుర్చుకున్న ఒప్పందాన్ని అరో వ్యాక్సిన్స్‌ రద్దు చేసుకుంది...",https://www.andhrajyothy.com/2025/business/aurobindo-leaves-with-singapore-company-1378306.html
ఫిబ్రవరిలో సేవల రంగం జోరు,"దేశీయ, అంతర్జాతీయ డిమాండు పెరిగిన కారణంగా సేవల రంగం ఫిబ్రవరిలో అద్భుతమైన వృద్ధిని నమోదు చేసింది...",https://www.andhrajyothy.com/2025/business/services-sector-booms-in-february-1378304.html
Union Bank of India: ఖాతాదారులకు చెక్కుల పంపిణీ,యూనియన్ బ్యాంక్ ఆఫ్ ఇండియా సైఫాబాద్ ప్రాంతీయ కార్యాలయం ఆధ్వర్యంలో.. రంగారెడ్డి జిల్లా ముచ్చింతల్‌లోని యూనియన్ బ్యాంక్ రూరల్ సెల్ఫ్ ఎంప్లాయ్‌మెంట్ ట్రైనింగ్ ఇన్‌స్టిట్యూట్‌‌కు సంబంధించిన స్వర్ణభారత్ క్యాంపస్‌లో  మెగా ఎమ్ఎస్ఎమ్ఈ అవుట్‌ రీచ్ క్యాంప్ నిర్వహించారు.,https://www.andhrajyothy.com/2025/business/union-bank-officials-distributed-checks-to-customers-in-rangareddy-district-kjr-spl-1378102.html
Transunion CIBIL: భారీగా రుణాలు తీసుకుంటున్న మహిళలు.. ఆ విషయంలో ఎప్పుడూ అలర్ట్.. నీతి ఆయోగ్..,"Niti Aayog Report Women Loans : భారతదేశంలో రుణాలు తీసుకునే మహిళల సంఖ్య ఏటా 22% చొప్పున పెరిగింది. పల్లెలు, పట్టణాలు అనే తేడా లేకుండా అన్ని ప్రాంతాల్లోని మహిళలు భారీ మొత్తంలో వ్యక్తిగత రుణాలు తీసుకుని వీటి కోసమే వెచ్చిస్తున్నారని నీతీ ఆయోగ్ వెల్లడించింది.",https://www.andhrajyothy.com/2025/business/women-power-cibil-niti-aayog-report-reveals-22-cagr-growth-in-female-borrowers-over-5-years-mouni-1378095.html
Stock Market: వరుస నష్టాల నుంచి ఉపశమనం.. సెన్సెక్స్ 740 పాయింట్లు జంప్..,"కెనడా, మెక్సికోలపై అమెరికా విధించిన 25 శాతం సుంకాలను తగ్గించనుండడం, ఆసియా మార్కెట్ల ర్యాలీ పాజిటివ్ సెంటిమెంట్‌ను పెంచాయి. దీంతో దేశీయ సూచీలలో కూడా లాభాల కళ కనిపించింది. ఈ లాభాలతో సెన్సెక్స్ మళ్లీ 73, 500 పైకి ఎగబాకింది.",https://www.andhrajyothy.com/2025/business/stock-market-news-sensex-and-nifty-gains-huge-profits-here-todays-top-stocks-sgr-spl-1378080.html
Hidden Charges : షోరూంలో కార్ లేదా బైక్ కొంటున్నారా.. ఈ ఛార్జీలు ఎప్పుడూ చెల్లించకండి..,Beware of Hidden Charges : కొత్త కారు లేదా బైక్ కొనుగోలు చేసేటప్పుడు ఈ విషయాల్లో షోరూం వాళ్లు మీకు అదనపు ఛార్జీలు వేసే అవకాశం ఉంది. ఈ ఏడింటిటిపై మీతోనే ఛార్జీలు వసూలు చేస్తారు. అందుకే మీరు వీటి కోసం ఎప్పుడూ డబ్బు చెల్లించకండి. షోరూమ్‌లో హిడెన్ ఛార్జీల మోసం ఎలా జరుగుతుందో తెలుసుకోండి.,https://www.andhrajyothy.com/2025/business/7-hidden-charges-to-avoid-when-buying-a-car-or-bike-from-a-showroom-mouni-1378075.html
Gold and Silver Prices Today: షాకింగ్.. ఆల్ టైం గరిష్టానికి బంగారం ధరలు..,Gold and Silver Prices Today: బంగారం ధరలు మరోసారి షాకిచ్చాయి. బుధవారం ధరలు భారీగా పెరిగాయి. అమెరికా అధ్యక్షుడు డొనాల్డ్ ట్రంప్ సుంకాలపై సంచలన ప్రకటన చేయడంతో బంగారం ధరల్లో మార్పులు కనిపిస్తున్నాయి.,https://www.andhrajyothy.com/2025/business/gold-silver-rates-today-march-5th-vk-1378014.html
"తయారీ, ఎగుమతుల ప్రోత్సాహానికి రెండు కొత్త కార్యక్రమాలు",ప్రపంచం యావత్తు విశ్వసనీయ భాగస్వామిగా భారత్‌ వైపు ఆసక్తిగా ఎదురు చూస్తున్న నేపథ్యంలో ప్రపంచ స్థాయిలో అందుబాటులోకి వస్తున్న అవకాశాలు...,https://www.andhrajyothy.com/2025/business/two-new-programs-to-promote-manufacturing-and-exports-1378003.html
రిలయన్స్‌కు డబుల్‌ షాక్‌,భారత కుబేరుడు ముకేశ్‌ అంబానీకి చెందిన రిలయన్స్‌ ఇండస్ట్రీస్‌ లిమిటెడ్‌ (ఆర్‌ఐఎల్‌)కు ఒకేసారి రెండు షాక్‌లు తగిలాయి. ఆంధ్రప్రదేశ్‌లోని కేజీ బేసిన్‌లో...,https://www.andhrajyothy.com/2025/business/double-shock-for-reliance-1378001.html
వచ్చే ఆర్థిక సంవత్సరంలో 5 లక్షల స్మార్ట్‌ ఏసీల విక్రయం,బ్లూస్టార్‌ లిమిటెడ్‌ వచ్చే ఆర్థిక సంవత్సరం (2025-26)లో 5 లక్షల స్మార్ట్‌ ఏసీలను విక్రయించాలని లక్ష్యంగా పెట్టుకుంది....,https://www.andhrajyothy.com/2025/business/sale-of-5-lakh-smart-acs-in-the-next-financial-year-1378000.html
సకాలంలోనే వేతన పెంపు,న్యూజెర్సీ ప్రధాన కేంద్రంగా పని చేస్తున్న కాగ్నిజెంట్‌ ఎప్పటిలాగానే ఈ ఏడాది కూడా సకాలంలోనే మెరిట్‌ ఆధారంగా అర్హులైన ఉద్యోగులకు..,https://www.andhrajyothy.com/2025/business/cognizant-of-timely-pay-hike-1377999.html
అయాన్‌ బీమ్‌తో అపోలో జట్టు,క్యాన్సర్‌ చికిత్సకు ప్రోటాన్‌ బీమ్‌ థెరపీ సొల్యూషన్లు అందించేందుకు అయాన్‌ బీమ్‌ అప్లికేషన్స్‌తో...,https://www.andhrajyothy.com/2025/business/apollo-teams-up-with-the-ion-beam-1377997.html
మసాలాల తయారీలోకి జెమినీ ఎడిబుల్స్‌,ఫ్రీడమ్‌ బ్రాండ్‌ నేమ్‌తో వంటనూనెలు విక్రయిస్తున్న హైదరాబాద్‌ కంపెనీ ‘జెమినీ ఎడిబుల్స్‌ అండ్‌ ఫ్యాట్స్‌ ఇండియా’ తాజాగా మసాలా ఉత్పత్తుల తయారీ...,https://www.andhrajyothy.com/2025/business/gemini-edibles-into-spices-1377996.html
2 నెలల్లో ఎల్‌ఐసీకి రూ.1.50 లక్షల కోట్ల నష్టం,ప్రభుత్వ రంగ బీమా దిగ్గజం ఎల్‌ఐసీ.. దేశంలోనే అతిపెద్ద సంస్థాగత ఇన్వెస్టర్‌ కూడా. పాలసీదారుల నుంచి ప్రీమియం రూపంలో సేకరించిన సొమ్ములో...,https://www.andhrajyothy.com/2025/business/150-lakh-crore-loss-to-lic-in-2-months-1377992.html
యూఎస్‌ మార్కెట్లు విలవిల,"అమెరికా, దాని కీలక వాణిజ్య భాగస్వాముల మధ్య పరస్పర సుంకాల పోరు మరింత తీవ్రమవడంతో యూఎస్‌ స్టాక్‌ మార్కెట్లు...",https://www.andhrajyothy.com/2025/business/us-markets-are-expensive-1377991.html
Stock Market: 73 వేల దిగువకు సెన్సెక్స్.. సూచీలకు తప్పని నష్టాలు..,"వాణిజ్య యుద్ధాలు, ఐటీ, మెటల్ స్టాక్స్‌లో విక్రయాలు సూచీలను పడేస్తున్నాయి. మంగళవారం కూడా నష్టాల్లోనే ముగిశాయి. రోజంతా నష్టాల్లోనే కదలాడాయి. గత కొన్ని వారాల్లో సెన్సెక్స్ ఏకంగా 12, 500 పాయింట్లకు పైగా కోల్పోయింది.",https://www.andhrajyothy.com/2025/business/stock-market-news-sensex-falls-below-73-thousand-nifty-under-22-100-sgr-spl-1377696.html
Gold Rates Today: పసిడి కొనుగోలు చేయాలా.. నేటి రేట్లు ఎలా ఉన్నాయంటే..,నేడు బంగారం ధరలు స్వల్పంగా పెరిగినా దీర్ఘకాలిక పెట్టుబడులు పెట్టాలనుకునే వారికి ఇది తగిన సమయమని మార్కెట్ వర్గాలు భావిస్తున్నాయి. మరి నేడు బంగారం వెండి ధరలు ఎలా ఉన్నాయంటే..,https://www.andhrajyothy.com/2025/business/gold-and-silver-rates-today-in-india-pcs-spl-1377632.html
బంగారం..బంగారమే,సురక్షిత పెట్టుబడిగా బంగారానికి ఢోకా లేదని కేంద్ర ప్రభుత్వ ప్రధాన ఆర్థిక సలహాదారు (సీఈఏ) వీ అనంత నాగేశ్వరన్‌ అన్నారు. ఈ కోణంలో చూస్తే...,https://www.andhrajyothy.com/2025/business/ananth-nageswaran-said-that-gold-is-gold-1377522.html
రుణాలకు మహిళల పరుగులు,మహిళలు రుణాల కోసం పురుషులతో పోటీ పడుతున్నారు. గత ఐదేళ్ల కాలం (2019-2024)లో రుణాలు తీసుకునే మహిళల సంఖ్య 22 శాతం పెరిగిందని...,https://www.andhrajyothy.com/2025/business/women-run-for-loans-1377521.html
సామ్‌సంగ్‌ ఆండ్రాయిడ్‌ ఎక్స్‌ఆర్‌ హెడ్‌సెట్‌,దక్షిణా కొరియా ఎలకా్ట్రనిక్స్‌ దిగ్గజం సామ్‌సంగ్‌.. మిక్స్‌డ్‌ రియాల్టీ హెడ్‌సెట్‌ విభాగంలో ‘యాపిల్‌ విజన్‌ ప్రో’కు గట్టి పోటీ ఇచ్చేందుకు సిద్ధమవుతోంది...,https://www.andhrajyothy.com/2025/business/samsung-android-xr-headset-1377520.html
"ఫిబ్రవరిలో స్టార్ట్‌ప్స  రూ.14,418 కోట్ల సమీకరణ","త నెలలో దేశీయ స్టార్ట్‌పలు మొత్తం 165 కోట్ల డాలర్ల (సుమా రు రూ.14,418 కోట్లు) నిధులను సమీకరించాయని...",https://www.andhrajyothy.com/2025/business/startups-raised-rs-14418-crore-in-february-1377519.html
"ఓలా ఎలక్ట్రిక్‌లో 1,000 ఉద్యోగాల కోత","విక్రయాలపరంగా దేశంలో అతిపెద్ద ఎలక్ట్రిక్‌ టూ వీలర్‌ కంపెనీ ఓలా ఎలక్ట్రిక్‌ మొబిలిటీ దాదాపు 1,000 మంది ఉద్యోగులను తొలగించే పనిలో ఉంది...",https://www.andhrajyothy.com/2025/business/1000-job-cuts-at-ola-electric-1377518.html
హైదరాబాద్‌లో జువారీ హౌసింగ్‌ ప్రాజెక్ట్‌,హైదరాబాద్‌ రియల్టీ మార్కెట్లోకి మరో కార్పొరేట్‌ దిగ్గజం ప్రవేశిస్తోంది. జువారీ ఇండస్ట్రీస్‌ అనుబంధ సంస్థ జువారీ ఇన్‌ఫ్రావరల్డ్‌ ఇండియా లిమిటెడ్‌...,https://www.andhrajyothy.com/2025/business/zuari-housing-project-in-hyderabad-1377517.html
హైడ్రోజెన్‌ వాహనాల కోసం ఐదు పైలట్‌ ప్రాజెక్టులు,నేషనల్‌ గ్రీన్‌ హైడ్రోజెన్‌ మిషన్‌ కింద ప్రయోగాత్మకంగా హైడ్రోజెన్‌ వాహనాలు నడిపేందుకు ఐదు ప్రయోగాత్మక ప్రాజెక్టులకు ప్రభుత్వం అనుమతి ఇచ్చింది...,https://www.andhrajyothy.com/2025/business/five-pilot-projects-for-hydrogen-vehicles-1377514.html
నిఫ్టీ తొమ్మిదో రోజూ నష్టాల్లోనే..,ప్రామాణిక ఈక్విటీ సూచీలు సోమవారం ట్రేడింగ్‌లో ఆరంభ లాభాలను చేజార్చుకుని మళ్లీ నష్టాల బాట పట్టాయి. సెన్సెక్స్‌ ఒక దశలో 414 పాయింట్ల మేర క్షీణించి...,https://www.andhrajyothy.com/2025/business/nifty-losses-for-ninth-day-1377513.html
"ఐఆర్‌సీటీసీ, ఐఆర్‌ఎ్‌ఫసీ ఇక నవరత్నాలు","రైల్వే శాఖకు చెందిన ప్రభుత్వ రంగ సంస్థలు ఐఆర్‌సీటీసీ, ఐఆర్‌ఎ్‌ఫసీలకు నవరత్న హోదా కల్పించడానికి ప్రభుత్వం ఆమోదముద్ర వేసింది...",https://www.andhrajyothy.com/2025/business/irctc-and-irffc-are-now-navaratnas-1377511.html
మార్కెట్లోకి సరికొత్త ఎయిర్‌ కండీషనర్స్‌ (ఏసీ)ను విడుదల చేసింది,"షార్ప్‌ కార్పొరేషన్‌ అనుబంధ సంస్థ షార్ప్‌ బిజినెస్‌ సిస్టమ్స్‌ (ఇండియా) లిమిటెడ్‌.. మార్కెట్లోకి సరికొత్త ఎయిర్‌ కండీషనర్స్‌ (ఏసీ)ను విడుదల చేసింది. రేర్‌యు, సెరియో, ప్లాస్మా చిల్‌ సిరీ్‌సతో...",https://www.andhrajyothy.com/2025/business/new-ac-have-been-released-in-the-market-1377510.html
Stock Market: మళ్లీ నష్టాలే.. 73 వేల దిగువకు పడిపోయి కోలుకున్న సెన్సెక్స్..,"గత కొన్ని వారాల్లో సెన్సెక్స్ ఏకంగా 12500 పాయింట్లకు పైగా కోల్పోవడం విశేషం. గత శుక్రవారం అమెరికా మార్కెట్లు లాభాలతో ముగియడంతో సోమవారం దేశీయ సూచీలు లాభాలతో ప్రారంభమయ్యాయి. అయితే ఆ లాభాలు ఎక్కువ సేపు నిలవలేదు. సెన్సెక్స్ ఒక దశలో 72, 800 దిగువకు పడిపోయింది.",https://www.andhrajyothy.com/2025/business/stock-market-news-sensex-falls-below-73-thousand-losses-continues-sgr-spl-1377319.html
Ola Electric: ఉద్యోగులకు ఓలా షాకింగ్ న్యూస్.. వెయ్యి మందిపై వేటుకు సిద్ధం..?,"గడిచిన కొన్ని త్రైమాసికాల్లో ఓలా సంస్థ వరుసగా నష్టాలనే నమోదు చేస్తోంది. దీంతో నష్ట నివారణ చర్యలో భాగంగా ఓలా యాజమాన్యం కీలక నిర్ణయం తీసుకున్నట్టు తెలుస్తోంది. సంస్థలో పనిచేస్తున్న దాదాపు 1,000 మంది ఉద్యోగులు, కాంట్రాక్ట్‌ కార్మికులను తొలగించాలని యోచిస్తున్నట్టు వార్తలు వస్తున్నాయి.",https://www.andhrajyothy.com/2025/business/ola-electric-is-laying-off-more-than-a-thousand-employees-and-contract-workers-sgr-spl-1377309.html
Trump Crypto Strategic Reserves: ట్రంప్ ప్రకటన.. రూ.26 లక్షల కోట్ల మేర క్రిప్టో సంపద వృద్ధి,ప్రముఖ క్రిప్టో కరెన్సీలతో వ్యూహాత్మక డిజిటల్ నగదు నిల్వలను ఏర్పాటు చేస్తామంటూ డొనాల్డ్ ట్రంప్ తాజాగా ప్రకటించడం సంచలనానికి దారి తీసింది. క్రిప్టో కరెన్సీల విలువ ఏకంగా రూ.26 లక్షల కోట్ల మేరకు పెరిగింది.,https://www.andhrajyothy.com/2025/business/crypto-market-surges-300-billion-after-trump-names-5-coins-for-strategic-reserve-pcs-spl-1377289.html
Business Ideas: పీఎం మోడీ చెప్పిన ఈ పంటకు పెట్టుబడి రూ.20వేలు.. రాబడి రూ.3-4లక్షలు..,"Business Ideas : రైతులు ఏ పంట సాగు చేయాలన్నా కచ్చితంగా ఎరువులు కొనుగోలు చేయాల్సిందే. కానీ, ఈ పంటకు మాత్రం అవసరం లేదు. కేవలం రూ.20వేల పెట్టుబడితో లక్షల్లో లాభం పొందవచ్చని.. స్వయంగా ప్రధాని నరేంద్ర మోడీనే అన్నదాతలకు సూచించాడని తెలుసా.. మరి, ఆ వివరాలేంటో చూద్దాం..",https://www.andhrajyothy.com/2025/business/pm-modi-says-yield-of-lemongrass-helps-farmers-to-earn-more-money-mouni-1377280.html
Gold Rates Today: నేడు బంగారం ధరలు ఎలా ఉన్నాయంటే..,పసిడిని కొనుగోలు చేయాలనుకునే వారు బంగారం ధరల్లో మార్పులపై ఓ కన్నేసి ఉంచాలి. మరి తాజా ధరలు ఎలా ఉన్నాయో ఈ కథనంలో తెలుసుకుందాం.,https://www.andhrajyothy.com/2025/business/gold-rates-today-in-india-pcs-spl-1377274.html
2034 నాటికి రూ.190 లక్షల కోట్లకు..,మన దేశంలో రిటైల్‌ మార్కెట్‌ శరవేగంగా వృద్ధి చెందుతోంది. 2014లో రూ.35 లక్షల కోట్లుగా ఉన్న ఈ మార్కెట్‌ గత ఏడాది (2024) రూ.82 లక్షల కోట్లకు చేరింది. గత పదేళ్లలో...,https://www.andhrajyothy.com/2025/business/190-lakh-crores-by-2034-1377206.html
ఉద్యోగాల వృద్ధి బారెడు.. జీతాల వృద్ధి చారెడు,"దేశంలో నిజ జీతాల వృద్ధి రేటుపై నీతి ఆయోగ్‌ సభ్యుడు, ప్రముఖ ఆర్థికవేత్త అరవింద్‌ వీర్‌మణి అసంతృప్తి వ్యక్తం చేశారు. గత ఏడేళ్లలో దేశంలో ఉద్యోగ అవకాశాలు...",https://www.andhrajyothy.com/2025/business/growth-of-jobs-is-not-enough-growth-of-salaries-is-not-enough-1377205.html
అప్రమత్తంగా ఉండటం బెటర్‌!,"దేశీయ స్టాక్‌ మార్కెట్లు ఈ వారం తీవ్ర ఆటుపోట్లకు లోనయ్యే అవకాశం ఉంది. మెక్సికో, కెనడా, చైనాపై అమెరికా అధ్యక్షుడు డొనాల్డ్‌ ట్రంప్‌ ప్రకటించిన టారిఫ్స్‌ మంగళవారం నుంచి...",https://www.andhrajyothy.com/2025/business/better-to-be-alert-1377203.html
టెక్‌ వ్యూ : కీలక మద్దతు 22000 చేరువలో...,"నిఫ్టీ గత వారం మొత్తం మీద 670 పాయుంట్లు, నెల మొత్తం మీద 1,400 పాయింట్లు నష్టంతో 22,125 వద్ద ముగిసింది. గత అక్టోబరు నుంచి వరుసగా ఐదు నెలలుగా డౌన్‌ట్రెండ్‌లోనే ఉంది....",https://www.andhrajyothy.com/2025/business/tech-view-key-support-near-22000-1377201.html
"ఆస్ర్టో గైడ్‌ : 22,400పైన బుల్లిష్‌","నిఫ్టీ గత వారం 22,628-22,105 పాయింట్ల మధ్యన కదలాడి 673 పాయింట్ల నష్టంతో 22,125 వద్ద ముగిసింది. ఈ వారాంతంలో 22,400 కన్నా పైన ముగిస్తే స్వల్పకాలానికి బుల్లిష్‌ అవుతుంది....",https://www.andhrajyothy.com/2025/business/astorto-guide-bullish-above-22400-1377199.html
కష్టపడితేనే 30 లక్షల కోట్ల డాలర్ల  ఆర్థిక వ్యవస్థ సాధ్యం,భారత్‌ను 2047 నాటికి 30 లక్షల కోట్ల డాలర్ల ఆర్థిక వ్యవస్థగా చేయాలంటే భారతీయులందరూ కష్టించి పని చేయాలని జీ-20 షెర్పా అమితాబ్‌ కాంత్‌ అన్నారు....,https://www.andhrajyothy.com/2025/business/a-30-lakh-crore-dollar-economy-is-possible-only-with-hard-work-1377197.html
Drive Vehicles Without License : డ్రైవింగ్ లైసెన్స్ లేకపోయినా.. ఈ టూ వీలర్స్‌పై జాలీగా రైడ్ చేయవచ్చు..,"Drive Two Wheelers Without License: రోజురోజుకూ పెట్రోల్, డీజిల్ ధరలు పెరుగుతున్నాయే తప్ప తగ్గడం లేదు. ప్రస్తుత పరిస్థితుల్లో బయట అడుగుపెట్టాలంటే కచ్చితంగా స్కూటీ లేదా బైక్ ఉండాల్సిందే. లైసెన్స్ లేకుండా బైక్ నడపడం నేరమని అందరికీ తెలుసు. కానీ, ఈ టూ వీలర్స్‌కు రెండూ అవసరం లేదు. ఇంధన ఖర్చులు, డ్రైవింగ్ లైసెన్స్ అవసరం బెస్ట్ స్కూటర్లు ఇవే..",https://www.andhrajyothy.com/2025/business/4-best-electric-scooters-without-driving-license-for-middle-class-mouni-1376990.html
Business Ideas: ఇండియాలో పోటీలేని టాప్ బిజినెస్ ఇదే.. తక్కువ ఖర్చు.. అధిక లాభాలు..,"Business Ideas: తక్కువ పోటీ ఉండే వ్యాపారాలు కొన్నే ఉంటాయి. అందులో ఇదే టాప్ బిజినెస్. కానీ ఇలాంటి వ్యాపారం ఒకటి ఉందని.. ఇది మొదలుపెడితే తిరుగులేని వ్యాపారవేత్తగా ఎదగవచ్చని చాలా తక్కువ మందికే తెలుసు. పెద్దగా పెట్టుబడి పెట్టకుండానే ఈ వ్యాపారం మొదలుపెట్టి కోట్లలో సంపాదిస్తున్నాడు ఓ వ్యక్తి. మరి, ఆ బిజినెస్ ఐడియా ఏంటో మీరూ తెలుసుకోండి.",https://www.andhrajyothy.com/2025/business/eco-entrepreneurship-opportunity-earn-crores-and-contribute-to-a-greener-future-mouni-1376979.html
Gold Crossing 1 lakh: ఈ సంవత్సరం బంగారం ధర లక్ష మార్కు దాటుతుందా.. నిపుణులు ఏమంటున్నారంటే,బంగారం ధరలు నానాటికీ పెరుగుతున్న నేపథ్యంలో ఈ సంవత్సరం ధర లక్ష మార్కు దాటుతుందా అన్న చర్చ మొదలైంది. దీనిపై మార్కెట్ నిపుణులు భిన్నాభిప్రాయాలు వ్యక్తం చేస్తున్నారు.,https://www.andhrajyothy.com/2025/business/will-the-price-of-gold-cross-rs-1-lakh-in-2025-what-does-market-experts-say-pcs-spl-1376978.html
"Gold and Silver Price Today: బంగారం, వెండి ధరలు ఎంతకు పెరిగాయో తెలుసా..","ఆదివారం (02-03-2025) ఉదయం 06:30 గంటల సమయానికి https://bullions.co.in/ ప్రకారం.. ఢిల్లీలో 22 క్యారెట్ల 10 గ్రాముల బంగారం ధర రూ.77,147 ఉండగా.. 24 క్యారెట్ల తులం పసిడి ధర రూ.84,160గా ఉంది.",https://www.andhrajyothy.com/2025/business/gold-and-silver-prices-on-02nd-march-2025-in-telugu-states-and-across-india-suri-1376934.html
‘సిప్‌’ కొనసాగించాలా.. వద్దా?,స్టాక్‌ మార్కెట్‌ ప్రస్తుతం ‘బేర్‌’ పట్టులో ఉంది. దాదాపు ఈ ఏడాది ప్రారంభం నుంచే నష్టాల్లో కొనసాగుతూ వస్తోంది. ఈ డౌన్‌ట్రెండ్‌ ఇంకా ఎంత కాలమో ఎవరూ అంచనా...,https://www.andhrajyothy.com/2025/business/should-sip-continue-or-not-1376861.html
గృహ రుణాల వడ్డీ రేట్లు తగ్గాయ్‌..,గత నెల 7న జరిగిన ద్రవ్య పరపతి విధాన సమీక్షలో భారతీయ రిజర్వ్‌ బ్యాంక్‌ (ఆర్‌బీఐ) కీలక రెపో వడ్డీ రేటు తగ్గించింది. అప్పటి వరకు 6.5 శాతంగా ఉన్న ఈ వడ్డీ రేటును 6.25 శాతానికి...,https://www.andhrajyothy.com/2025/business/home-loan-interest-rates-reduced-1376860.html
వాయిదాల పద్దతిలో వస్తువులు కొనుగోలు చేస్తుంటే?,"ఇటీవలి కాలంలో రిఫ్రిజిరేటర్‌, వాషింగ్‌ మెషిన్‌, ఏసీ వంటి గృహోపకరణాలతో పాటు కారు, మోటార్‌ సైకిల్‌ వంటి వాహనాల కొనుగోళ్లు ఎక్కువయ్యాయి. ఒకప్పుడు లగ్జరీగా భావించే అనేక వస్తువులు....",https://www.andhrajyothy.com/2025/business/if-purchasing-goods-on-installment-basis-1376856.html
Business Idea: తక్కువ పెట్టుబడి.. లక్షల్లో ఆదాయం.. డిమాండ్ తగ్గని బిజినెస్..,"Business Idea: చిన్న మొత్తంతో బిజినెస్ స్టార్ట్ చేయాలనే ఆలోచన మీకుందా..?నష్టపోకుండా ఎల్లప్పుడూ నిలకడగా ఆదాయం సంపాదించాలనే లక్ష్యం మీలో ఉంటే.. ఈ బిజినెస్ ప్లాన్ మీకోసమే. ఈ వ్యాపారం ద్వారా మీరే కాదు. మీతో నలుగురి ఉపాధి కూడా అందించే స్థాయికి తప్పక ఎదుగుతారు. ఎప్పటికీ డిమాండ్ తగ్గని ఈ బిజినెస్ ఎలా మొదలుపెట్టాలి.. పెట్టుబడి, లాభాలపై పూర్తి వివరాలు..",https://www.andhrajyothy.com/2025/business/profitable-tiles-making-business-ideas-and-opportunities-with-low-investment-mouni-1376631.html
UPI 3.0: యూపీఐ 3.0 కొత్త ఫీచర్లు ఇవేనా,భారత్‌లో యూపీఐ సేవలు అంతకంతకూ విస్తరిస్తున్న నేపథ్యంలో యూపీఐ 3.0పై అప్పుడే చర్చ మొదలైంది. ఆర్థిక లావాదేవీలు మరింత సరళతరం చేసేలా పలు ఫీచర్లు ఇందులో ఉండొచ్చనేది ట్రేడ్ వర్గాల టాక్,https://www.andhrajyothy.com/2025/business/upi-3-0-on-the-horizon-its-features-and-impact-pcs-spl-1376630.html
"Bigbasket IPO: బిగ్ బాస్కెట్ బిగ్ టార్గెట్.. త్వరలో ఐపీఓకు, ఫుడ్ డెలివరీ విభాగంలోకి ఎంట్రీ..",రాబోయే రోజుల్లో బిగ్ బాస్కెట్‌ను మరింతగా విస్తరించాలని సంస్థ యాజమాన్యం భావిస్తోంది. క్విక్ ఫుడ్ డెలివరీ విభాగంలోకి కూడా ఎంట్రీ ఇవ్వాలనుకుంటున్నట్టు కంపెనీ సీఈఓ హరిమీనన్ తెలిపారు. అలాగే రాబోయే రెండేళ్లలో ఐపీఓకు రావాలని యోచిస్తున్నట్టు వెల్లడించారు.,https://www.andhrajyothy.com/2025/business/bigbasket-will-enter-into-quick-food-delivery-and-plans-raise-funds-through-ipo-sgr-spl-1376612.html
Commerical Gas Cylinder Price Hike: మళ్లీ గ్యాస్ సిలిండర్ ధరల పెంపు.. ఏ మేరకు పెరిగిందంటే..,వాణిజ్య గ్యాస్ సిలిండర్ ధరలు పెరిగాయి. రూ. 6 మేరకు సిలిండర్ ధరను పెంచినట్టు ఆయిల్ మార్కెటింగ్ కంపెనీలు పేర్కొన్నాయి. పెరిగిన ధరలు నేటి నుంచీ అమల్లోకి వచ్చాయి.,https://www.andhrajyothy.com/2025/business/commercial-lpg-prices-hiked-by-rs-6-from-today-pcs-spl-1376606.html
March 2025 Bank Holidays Telugu: మార్చిలో బ్యాంకులకు ఇన్ని రోజులు సెలవులా.. RBI లిస్ట్ ప్రకారం..,"March 2025 Bank Holidays Telugu: మార్చి నెలల సగం నెలంతా అన్ని షెడ్యూల్డ్, నాన్-షెడ్యూల్డ్ బ్యాంకులు పనిచేయవు. కాబట్టి, మీకు బ్యాంకులో పని ఉన్నట్లయితే RBI విడుదల చేసిన లిస్ట్ ప్రకారం ఏయే తేదీల్లో బ్యాంకులు ఉండవో ఒకసారి చెక్ చేసుకోండి. బ్యాంకు తెరిచి ఉన్న తేదీలను పరిశీలించుకోకపోతే మీ సమయం వృథా అవ్వచ్చు.",https://www.andhrajyothy.com/2025/business/banks-to-remain-closed-for-14-days-in-march-2025-check-dates-mouni-1376603.html
Gold Rates Today: త్వరపడండి.. తగ్గిన బంగారం ధరలు.. ఇదే మంచి టైం,నేడు కూడా బంగారం ధరలు స్వల్పంగా తగ్గాయి. మరి హైదరాబాద్‌లో ధరలు ఎలా ఉన్నాయో ఈ కథనంలో తెలుసుకుందాం.,https://www.andhrajyothy.com/2025/business/gold-rates-decreased-again-in-india-pcs-spl-1376564.html
Stock Market Losses : బ్లాక్‌ ఫ్రైడే,"జీడీపీ గణాంకాలపై నెలకొన్న భయాలతో పాటు సుంకాలపై ట్రంప్‌ తాజా వ్యాఖ్యలు, అమెరికా ఆర్థిక వ్యవస్థలో మందగమనం శుక్రవారం ఈక్విటీ మార్కెట్లో మంటలు రేపాయి.",https://www.andhrajyothy.com/2025/business/global-market-woes-trigger-selloff-in-indian-equities-sensex-and-nifty-face-heavy-losses-1376461.html
SEBI:  నామినేషన్లపై సెబీ కొత్త మార్గదర్శకాలు,"డీమ్యాట్‌ ఖాతాలు, మ్యూచువల్‌ ఫండ్స్‌ (ఎంఎఫ్‌) ఫోలియోల నామినేషన్లకు సంబంధించి సెబీ కీలక నిర్ణయం తీసుకుంది.",https://www.andhrajyothy.com/2025/business/sebis-key-decision-on-demat-accounts-and-mutual-fund-nominations-1376460.html
Stock Market : మార్కెట్లకు ఫిబ్రవర్రీ,"ఈక్విటీ మార్కెట్‌కు ఫిబ్రవరి నెల ఒక పీడకలగా మిగిలిపోయింది. అమెరికా అధ్యక్షుడు ట్రంప్‌ సుంకాల బెదిరింపులు, అంతర్జాతీయ అస్థిరతల కారణంగా...",https://www.andhrajyothy.com/2025/business/february-a-nightmare-for-equity-markets-sensex-falls-4300-points-1376459.html
Mobile Gaming: జియో గేమ్స్‌తో 7సీస్‌ జట్టు,హైదరాబాద్‌ కేంద్రంగా ఉన్న 7సీస్‌ ఎంటర్‌టైన్‌మెంట్‌ లిమిటెడ్‌.. జియో గేమ్స్‌తో వ్యూహాత్మక భాగస్వామ్య ఒప్పందం కుదుర్చుకుంది.,https://www.andhrajyothy.com/2025/business/7seas-entertainment-partners-with-jio-games-to-offer-casual-and-sports-games-1376458.html
Indian GDP : జీడీపీ వృద్ధి రేటు 6.2 శాతం,దేశ ఆర్థిక వ్యవస్థ గాడినపడుతోంది. ప్రస్తుత ఆర్థిక సంవత్సరం డిసెంబ రుతో ముగిసిన మూడో త్రైమాసికం (క్యూ3) లో జీడీపీ వృద్ధి రేటు 6.2 శాతంగా నమోదైంది.,https://www.andhrajyothy.com/2025/business/indias-gdp-growth-at-62-in-q3-202425-gdp-forecast-revised-to-6465-1376457.html
Indian Students : విదేశీ విద్యార్థులకు చుక్కలు చూపిస్తున్న డాలర్.. భారంగా మారిన చదువులు..,"Indian Students : ఇటీవల రూపాయి విలువ డాలర్‌తో పోలిస్తే పడిపోవడంతో, విదేశాల్లో చదువుతున్న భారతీయ విద్యార్థులకు ఆర్థిక భారం పెరిగింది. గత ఆరు నెలల్లో రూపాయి దాదాపు 5% బలహీనపడటంతో, విదేశాల్లో ఉన్నత విద్య కోసం వెళ్తున్న విద్యార్థుల ఖర్చులు గణనీయంగా పెరిగాయి. ఉదాహరణగా, గతంలో రూ. 1 కోటి అయ్యే ఖర్చు ఇప్పుడు రూ. 5 లక్షలు అదనంగా భరించాల్సిన పరిస్థితి ఏర్పడింది. ఈ పరిణామాలు భారతీయ విద్యార్థులపై తీవ్ర ప్రభావం చూపించగా, ఉద్యోగ అవకాశాలు కూడా తగ్గిపోతున్నాయి.",https://www.andhrajyothy.com/2025/business/rupee-hits-6month-low-how-will-a-5-decline-impact-indian-students-in-us-mouni-1376297.html
Gold Rates : బంగారం ధరలు రోజూ ఒకేలా ఎందుకుండవు.. ఈ 5 అంశాలే ప్రధాన కారణం..,Gold Rates : రోజు మారిపోగానే బంగారం ధర కూడా మారిపోతూ ఉంటుంది. ఒక్కోసారి ఉన్నట్టుండి ఊహించనంత ఎక్కువగా పెరిగిపోతుంది. ఎందుకిలా జరుగుతుంది.. ఏ కారణాల వల్ల గోల్డ్ రేట్లు రోజుకో విధంగా ఉంటాయి.. బంగారాన్ని సురక్షితమైన పెట్టుబడి అని ఎందుకంటారు.. వీటన్నింటికి కారణం ఈ 5 అంశాలే అంటున్నారు మార్కెట్ నిపుణులు.,https://www.andhrajyothy.com/2025/business/india-gold-market-5-factors-affecting-gold-prices-mouni-1376279.html
Meta Layoffs: మెటా సమాచారం లీక్.. ఉద్యోగులను తొలగించిన ఫేస్‌బుక్ మాతృ సంస్థ..,సంస్థకు చెందిన ముఖ్యమైన సమాచారాన్ని మీడియాకు అందించారనే కారణంతో మెటా మేనేజ్‌మెంట్ 20 మంది ఉద్యోగులను తొలగించింది. మరింత మందిని కూడా ఉద్యోగాల నుంచి తీసేయ్యబోతోందని కూడా వార్తలు వస్తున్నాయి.,https://www.andhrajyothy.com/2025/business/meta-serious-action-on-leaking-internal-information-fires-20-employees-and-more-layoffs-likely-sgr-spl-1376272.html
